3.00570,-1.64240,-1.56403,-1.54897,-1.60591,-1.76946,-2.11046,-2.75477,-3.91472,-5.94004,-9.39830,-15.20122,-24.80139,-40.49760,-65.90651,-106.68969,-171.67070,-2.48783
3.01074,-0.68257,-0.64053,-0.70004,-0.89721,-1.30984,-2.07796,-3.43774,-5.77616,-9.71716,-16.25596,-26.96724,-44.32602,-72.20044,-116.60599,-186.85659,-297.31728,-2.50343
3.01575,-1.59796,-1.47808,-1.39918,-1.35313,-1.34476,-1.39585,-1.55309,-1.90233,-2.59239,-3.87349,-6.15861,-10.12034,-16.84270,-28.05798,-46.51478,-76.54781,-1.81153
3.02076,-2.77886,-2.58391,-2.37053,-2.08684,-1.66597,-1.01309,0.01303,1.62736,4.15961,8.11677,14.27843,23.84264,38.64896,61.51944,96.77966,151.05477,-1.38707
3.02576,-2.57903,-2.39783,-2.21852,-2.00615,-1.72192,-1.31871,-0.73569,0.10759,1.31807,3.03634,5.44353,8.76561,13.27133,19.25604,26.99799,36.66373,-1.67748
3.03077,-2.40443,-2.22602,-2.05713,-1.86827,-1.62884,-1.30420,-0.85249,-0.22139,0.65527,1.86062,3.49722,5.68777,8.57232,12.29877,17.00158,22.76010,-1.74017
3.03577,-2.64280,-2.46285,-2.29698,-2.12320,-1.92720,-1.70678,-1.48182,-1.31389,-1.34226,-1.84773,-3.36270,-6.85847,-14.05965,-27.96703,-53.71984,-100.00839,-2.21741
3.04077,-3.47991,-3.24918,-2.98378,-2.62183,-2.08075,-1.24215,0.07027,2.12325,5.32285,10.28825,17.96358,29.78758,47.95127,75.78917,118.37351,183.41682,-1.68638
3.04579,-3.21139,-3.00355,-2.78596,-2.51788,-2.15417,-1.64167,-0.91641,0.09733,1.48394,3.32565,5.67708,8.51352,11.63285,14.47765,15.82239,13.23488,-1.90210
3.05079,-2.88473,-2.67723,-2.45273,-2.16089,-1.73564,-1.08336,-0.06493,1.53106,4.02914,7.92931,14.00303,23.44090,38.08040,60.75688,95.84462,150.09089,-1.45846
3.05590,-1.94795,-1.79283,-1.66271,-1.53724,-1.40075,-1.24236,-1.05735,-0.85088,-0.64538,-0.49351,-0.50011,-0.85792,-1.90482,-4.21429,-8.73678,-17.01844,-1.63089
3.06117,-1.35010,-1.22460,-1.14132,-1.08905,-1.06703,-1.08634,-1.17327,-1.37562,-1.77253,-2.48919,-3.71757,-5.74485,-8.99078,-14.05436,-21.76788,-33.25143,-1.52490
3.06622,-1.46516,-1.35122,-1.28665,-1.26960,-1.31751,-1.47500,-1.82906,-2.53536,-3.86223,-6.26224,-10.48759,-17.77464,-30.13708,-50.82961,-85.07815,-141.22576,-1.91942
3.07123,-1.98687,-1.83020,-1.68681,-1.52799,-1.32498,-1.04523,-0.64845,-0.08233,0.72253,1.85860,3.44865,5.65446,8.68705,12.81815,18.39250,25.83952,-1.38686
3.07624,-2.18133,-1.98287,-1.76802,-1.48432,-1.06212,-0.40101,0.65054,2.32562,4.98521,9.18907,15.80434,26.17231,42.36406,67.57200,106.70920,167.32579,-0.65729
3.08128,-1.47459,-1.32095,-1.19455,-1.07392,-0.94101,-0.78021,-0.57791,-0.32323,-0.01061,0.35467,0.74652,1.10066,1.28569,1.05568,-0.02599,-2.70806,-1.10554
3.08629,-1.75616,-1.62111,-1.52618,-1.46132,-1.43052,-1.45725,-1.59530,-1.94837,-2.70350,-4.18669,-6.95356,-11.93608,-20.67783,-35.70882,-61.13988,-103.60056,-1.71230
3.09135,-2.53300,-2.34931,-2.15791,-1.91259,-1.55821,-1.02090,-0.19527,1.07310,3.01255,5.96139,10.42033,17.12905,27.17785,42.17037,64.46050,97.49690,-1.22297
3.09638,-2.29166,-2.10040,-1.89600,-1.63091,-1.24624,-0.66164,0.23838,1.62350,3.74494,6.97505,11.86494,19.22831,30.26358,46.73121,71.21094,107.47456,-0.97629
3.10140,-1.82383,-1.65127,-1.47335,-1.24710,-0.91487,-0.39168,0.45469,1.83480,4.08684,7.75479,13.71268,23.36156,38.94137,64.02315,104.28416,168.72583,-0.83397
3.10644,-2.01187,-1.86558,-1.73397,-1.59258,-1.41942,-1.19345,-0.89451,-0.50555,-0.01881,0.55124,1.14324,1.60406,1.60975,0.52910,-2.80810,-10.50006,-1.54999
3.11145,-2.59433,-2.44471,-2.30035,-2.12817,-1.89492,-1.56214,-1.08141,-0.38945,0.59698,1.98654,3.91848,6.56647,10.13881,14.87081,21.00219,28.72731,-2.02267
3.11648,-1.61048,-1.53196,-1.52367,-1.60131,-1.81229,-2.25073,-3.08390,-4.59644,-7.26216,-11.85871,-19.64922,-32.66845,-54.17110,-89.33164,-146.33304,-238.05533,-2.66280
3.12149,-0.69656,-0.66172,-0.74102,-0.98109,-1.47840,-2.40540,-4.05387,-6.90493,-11.74036,-19.81783,-33.14514,-54.90731,-90.12979,-146.70431,-236.97216,-380.16153,-2.84192
3.12649,-2.05085,-1.92141,-1.82987,-1.76775,-1.73951,-1.76683,-1.89688,-2.21682,-2.87775,-4.13290,-6.39771,-10.34319,-17.03997,-28.17905,-46.40841,-75.84382,-2.17643
3.13150,-3.97880,-3.70554,-3.35082,-2.81927,-1.97248,-0.60062,1.62050,5.19425,10.90205,19.95377,34.21686,56.56475,91.40572,145.48416,229.09282,357.90403,-0.84082
3.13651,-3.61510,-3.34067,-2.98782,-2.46320,-1.63072,-0.28419,1.89422,5.39694,10.98638,19.83979,33.76914,55.55400,89.44508,141.92397,222.84803,347.17280,-0.48868
3.14151,-1.43090,-1.27041,-1.12947,-0.98361,-0.80663,-0.56743,-0.22540,0.27623,1.01990,2.12803,3.78465,6.26870,10.00556,15.64695,24.19505,37.19575,-0.88130
3.14651,-0.88451,-0.75390,-0.66384,-0.60355,-0.56957,-0.56751,-0.61492,-0.74673,-1.02410,-1.54856,-2.48361,-4.08737,-6.76111,-11.12071,-18.10091,-29.10574,-0.86426
3.15156,-2.23726,-2.02689,-1.78099,-1.43115,-0.88065,0.01646,1.48730,3.88883,7.78268,14.05050,24.07194,39.99858,65.17521,104.78582,166.84313,263.70145,-0.20289
3.15675,-2.27322,-2.06401,-1.82729,-1.50026,-0.99801,-0.19637,1.09293,3.15893,6.44631,11.63779,19.77792,32.45885,52.09831,82.35456,128.74419,199.55977,-0.55935
3.16185,-1.61684,-1.42788,-1.24027,-1.01105,-0.68610,-0.19018,0.58796,1.81754,3.75890,6.81376,11.60200,19.07866,30.71247,48.75761,76.66699,119.71990,-0.60326
3.16686,-2.10716,-1.90023,-1.68550,-1.41458,-1.02511,-0.42948,0.50205,1.96661,4.26674,7.86827,13.48870,22.23220,35.79595,56.78505,89.19298,139.13374,-0.80538
3.17193,-3.52354,-3.27963,-2.99352,-2.59550,-1.99096,-1.04282,0.45442,2.81296,6.50902,12.26883,21.19811,34.97701,56.15319,88.58222,138.08840,213.45571,-1.36182
3.17708,-3.80605,-3.57432,-3.30933,-2.94847,-2.41094,-1.58359,-0.30115,1.68185,4.73206,9.39739,16.49562,27.24504,43.45726,67.82119,104.32138,158.85356,-1.80634
3.18218,-2.59917,-2.43676,-2.30057,-2.16877,-2.02636,-1.86572,-1.68932,-1.51613,-1.39377,-1.41961,-1.77622,-2.78942,-5.02220,-9.42506,-17.57461,-32.05001,-2.14909
3.18720,-1.56185,-1.42423,-1.33452,-1.28246,-1.26926,-1.31034,-1.44057,-1.72363,-2.26722,-3.24717,-4.94452,-7.80187,-12.50852,-20.12791,-32.28767,-51.46164,-1.72941
3.19222,-1.56583,-1.38360,-1.21400,-1.02024,-0.75945,-0.37534,0.21237,1.12308,2.53798,4.73426,8.13739,13.40124,21.53129,34.07389,53.40732,83.18953,-0.72465
3.19723,-2.26461,-2.00542,-1.69171,-1.23718,-0.51515,0.66877,2.61905,5.81580,11.01574,19.40823,32.85576,54.26395,88.14994,141.51315,225.16700,355.77211,0.31650
3.20227,-2.43835,-2.16161,-1.81764,-1.31239,-0.50737,0.80912,2.96640,6.47930,12.15200,21.23659,35.67520,58.46883,94.23842,150.07587,236.83346,371.07367,0.39436
3.20733,-2.22069,-1.96336,-1.64855,-1.18869,-0.45527,0.74882,2.73209,5.98017,11.25709,19.76121,33.36520,54.98458,89.14289,142.83618,226.85333,357.78958,0.41012
3.21233,-1.73038,-1.52800,-1.30856,-1.01485,-0.56797,0.14949,1.31896,3.22493,6.31493,11.29213,19.25819,31.93345,51.99553,83.59911,133.17215,210.63335,-0.20365
3.21739,-1.05574,-0.89854,-0.76684,-0.63615,-0.48261,-0.28017,0.00273,0.40700,0.98763,1.81966,3.00597,4.68757,7.05725,10.37766,15.00532,21.42243,-0.66465
3.22245,-1.68677,-1.47058,-1.22917,-0.89659,-0.37900,0.46712,1.86870,4.18894,8.01030,14.26515,24.44139,40.90519,67.40679,109.87104,177.63049,285.34515,0.06702
3.22746,-2.68849,-2.45267,-2.17554,-1.78290,-1.17122,-0.18569,1.41245,3.99539,8.14460,14.76706,25.27382,41.85398,67.89444,108.62185,172.08307,270.64086,-0.60839
3.23247,-2.98828,-2.77370,-2.53551,-2.21475,-1.73688,-0.99825,0.15208,1.93779,4.69185,8.90919,15.32312,25.01562,39.57620,61.32936,93.65880,141.46670,-1.24279
3.23749,-2.23276,-2.08190,-1.96200,-1.85404,-1.75056,-1.65794,-1.60316,-1.64721,-1.90911,-2.60619,-4.12066,-7.10748,-12.66774,-22.62495,-39.96220,-69.51031,-1.74169
3.24255,-1.53752,-1.43248,-1.39490,-1.43228,-1.57932,-1.90973,-2.55743,-3.75227,-5.87823,-9.56639,-15.84202,-26.35579,-43.74523,-72.19757,-118.32291,-192.50467,-2.28749
3.24757,-2.02447,-1.83530,-1.63259,-1.36082,-0.94572,-0.27771,0.81315,2.59519,5.49405,10.18438,17.73276,29.82004,49.08673,79.66797,128.02055,204.19871,-0.73129
3.25257,-2.40100,-2.15109,-1.83613,-1.36548,-0.60893,0.63105,2.66062,5.95671,11.26127,19.72441,33.12166,54.18292,87.08990,138.22575,217.30345,339.06054,0.42589
3.25757,-2.04719,-1.81735,-1.53242,-1.10851,-0.42491,0.70223,2.55913,5.59350,10.50450,18.37952,30.90205,50.66676,81.65600,129.95823,204.84892,320.41322,0.41423
3.26259,-0.96841,-0.80846,-0.65080,-0.45236,-0.15777,0.31279,1.08132,2.33841,4.38349,7.68669,12.98379,21.42224,34.78492,55.83241,88.82552,140.32131,-0.08197
3.26759,-0.78220,-0.61948,-0.46163,-0.26755,0.01592,0.46568,1.19995,2.40505,4.37683,7.58522,12.77511,21.12354,34.48473,55.77061,89.54120,142.91864,0.19478
3.27259,-2.24019,-2.00254,-1.71049,-1.28125,-0.59369,0.53844,2.40768,5.47589,10.47173,18.54080,31.47728,52.07994,84.69862,136.07059,216.59823,342.29711,0.21025
3.27760,-3.62996,-3.33639,-2.94586,-2.34624,-1.36971,0.24403,2.90375,7.25272,14.30097,25.62821,43.69515,72.31965,117.40377,188.04097,298.19919,469.27508,-0.05286
3.28260,-3.18430,-2.92098,-2.59874,-2.13483,-1.41086,-0.24952,1.62029,4.61611,9.38123,16.90452,28.70115,47.08507,75.57888,119.52929,187.02975,290.30169,-0.47189
3.28760,-2.39566,-2.15944,-1.89561,-1.54300,-1.01777,-0.19829,1.09777,3.14759,6.37447,11.42476,19.28353,31.44838,50.19028,78.94442,122.89516,189.85037,-0.51151
3.29260,-2.46359,-2.22420,-1.95232,-1.58312,-1.02718,-0.15365,1.23508,3.44141,6.92991,12.41407,20.98777,34.32415,54.97648,86.83244,135.79968,210.83895,-0.52038
3.29760,-2.92505,-2.67456,-2.37424,-1.94774,-1.28667,-0.22892,1.47420,4.20764,8.56824,15.48002,26.36996,43.43589,70.05406,111.39830,175.37970,274.07093,-0.68322
3.30261,-3.17936,-2.91905,-2.59876,-2.13575,-1.40972,-0.23789,1.66285,4.73415,9.66532,17.53000,29.99580,49.64505,80.46513,128.59639,203.47146,319.54829,-0.78287
3.30766,-3.02038,-2.75631,-2.43351,-1.97085,-1.24908,-0.08664,1.79804,4.84463,9.74051,17.55839,29.96822,49.56245,80.35517,128.54633,203.69071,320.48395,-0.55321
3.31269,-2.88849,-2.63381,-2.33025,-1.90451,-1.25094,-0.21137,1.45617,4.12505,8.37254,15.08996,25.65021,42.16218,67.85669,107.67084,169.13159,263.69054,-0.60088
3.31770,-3.11095,-2.86458,-2.57168,-2.16051,-1.52901,-0.52486,1.08469,3.65875,7.75231,14.22218,24.38791,40.27626,64.99209,103.27992,162.37340,253.27836,-0.98701
3.32270,-3.10222,-2.83706,-2.50961,-2.03468,-1.28729,-0.07637,1.89596,5.09720,10.26163,18.54058,31.73468,52.65251,85.66366,137.55021,218.81609,345.69815,-0.44230
3.32772,-2.96849,-2.67506,-2.30345,-1.75570,-0.88577,0.53070,2.84363,6.60129,12.66220,22.36724,37.80388,62.21148,100.60165,160.70609,254.42282,400.01970,0.19402
3.33273,-2.67372,-2.37837,-2.01047,-1.47580,-0.63548,0.72107,2.91800,6.45636,12.10995,21.06992,35.16268,57.17731,91.35675,144.13214,225.21864,349.24706,0.39336
3.33773,-2.66873,-2.37238,-1.99787,-1.44594,-0.56871,0.86025,3.19227,6.97448,13.05764,22.76007,38.11641,62.25414,99.96243,158.54904,249.12872,388.55667,0.73236
3.34274,-2.44816,-2.19403,-1.88722,-1.44561,-0.74963,0.38264,2.23374,5.24550,10.10870,17.90045,30.29429,49.88100,80.65766,128.77127,203.64777,319.70334,0.14580
3.34776,-1.62395,-1.43722,-1.25002,-1.01484,-0.67122,-0.13346,0.72702,2.10773,4.31431,7.81976,13.35450,22.04282,35.60964,56.69280,89.31367,139.58510,-0.57171
3.35278,-1.90946,-1.70855,-1.49104,-1.19458,-0.73628,0.00589,1.22021,3.20190,6.41544,11.59040,19.86947,33.03643,53.86688,86.66680,138.09782,218.43997,-0.36201
3.35779,-2.44959,-2.21940,-1.95366,-1.57737,-0.98803,-0.03346,1.52024,4.03675,8.08206,14.53502,24.75550,40.83990,66.00902,105.19486,165.92735,259.67151,-0.38116
3.36279,-2.72541,-2.46384,-2.15588,-1.72183,-1.05161,0.01681,1.72866,4.45861,8.77958,15.56565,26.14576,42.53307,67.76661,106.41877,165.34802,254.81333,-0.23682
3.36781,-3.47356,-3.13663,-2.69617,-2.02872,-0.95047,0.82162,3.72934,8.46409,16.10571,28.33446,47.75419,78.38397,126.40457,201.28878,317.51010,497.12113,0.68444
3.37282,-3.21225,-2.89709,-2.50055,-1.91392,-0.97787,0.55095,3.05081,7.11241,13.65713,24.11745,40.71190,66.86328,107.83345,171.68459,270.73217,423.73728,0.25850
3.37782,-2.28095,-2.02726,-1.74320,-1.35516,-0.75986,0.19766,1.75766,4.29704,8.40874,15.02424,25.60294,42.42436,69.03845,110.95785,176.72067,279.51953,-0.28599
3.38284,-1.78243,-1.54212,-1.28667,-0.95285,-0.45486,0.33319,1.60354,3.65461,6.95177,12.22056,20.58964,33.81000,54.59048,87.11063,137.80339,216.54805,-0.04426
3.38786,-2.89913,-2.56956,-2.15387,-1.53745,-0.54890,1.07678,3.75556,8.14275,15.26954,26.75349,45.12268,74.31415,120.43894,192.95369,306.45258,483.40378,0.71538
3.39287,-3.78045,-3.38364,-2.84853,-2.02367,-0.67499,1.56483,5.27614,11.37582,21.30798,37.33766,63.00199,103.80171,168.25866,269.52872,427.85764,674.31316,1.15300
3.39787,-3.07371,-2.70554,-2.23171,-1.52682,-0.39935,1.44818,4.48222,9.43607,17.46090,30.35857,50.93990,83.57490,135.03691,215.79485,341.98937,538.45098,1.18408
3.40287,-2.74302,-2.41340,-2.01007,-1.43219,-0.53183,0.91445,3.24962,7.00326,12.99314,22.47934,37.39749,60.71164,96.94715,152.99418,239.31771,371.77775,0.70436
3.40787,-3.50554,-3.16073,-2.71519,-2.04682,-0.97551,0.77358,3.62584,8.24165,15.64435,27.41391,45.97977,75.06271,120.34034,190.44666,298.47128,464.20389,0.50160
3.41288,-3.31058,-3.00100,-2.60750,-2.01963,-1.07700,0.46440,2.98279,7.06722,13.63380,24.10260,40.66634,66.69797,107.36783,170.57567,268.35655,418.99737,0.13270
3.41790,-1.80803,-1.59830,-1.37911,-1.09326,-0.66638,0.00849,1.09312,2.83709,5.62750,10.06467,17.07739,28.09856,45.33241,72.16030,113.75611,178.01801,-0.44211
3.42290,-1.04447,-0.87628,-0.72776,-0.56062,-0.33067,0.02197,0.58668,1.50277,2.99090,5.40192,9.29351,15.55038,25.57255,41.56973,67.02077,107.38943,-0.47289
3.42791,-1.82434,-1.61201,-1.38170,-1.06719,-0.57982,0.21093,1.50601,3.61961,7.04425,12.55048,21.33959,35.27739,57.25123,91.71391,145.51063,229.13375,-0.29676
3.43292,-2.94142,-2.66564,-2.32479,-1.82128,-1.01665,0.29734,2.44145,5.91275,11.48053,20.33098,34.28508,56.12607,90.09056,142.60259,223.36880,347.00817,-0.15833
3.43792,-2.97852,-2.66332,-2.25754,-1.64506,-0.65513,0.97427,3.65204,8.01832,15.07330,26.37387,44.33333,72.67743,117.13669,186.49481,294.17355,460.62428,0.80780
3.44292,-2.67687,-2.35584,-1.94268,-1.31903,-0.30963,1.35583,4.10082,8.59052,15.86757,27.55990,46.19854,75.70238,122.11633,194.73181,307.78527,483.02743,1.23319
3.44792,-2.75677,-2.44597,-2.04915,-1.45279,-0.49011,1.09490,3.70163,7.95520,14.83199,25.85102,43.36548,71.00549,114.34964,181.94017,286.81558,448.81943,0.79332
3.45293,-2.19991,-1.91337,-1.56094,-1.04427,-0.22152,1.12202,3.31781,6.87984,12.60384,21.71690,36.10260,58.63932,93.70697,147.94392,231.37506,359.08920,0.93048
3.45794,-1.88499,-1.59313,-1.22927,-0.69122,0.17136,1.58824,3.91641,7.71228,13.84134,23.64426,39.18825,63.64643,101.86902,161.24086,252.96607,393.98846,1.41882
3.46294,-2.56864,-2.24403,-1.81587,-1.15948,-0.08621,1.69788,4.65577,9.51749,17.43096,30.19370,50.60837,83.02694,134.18207,214.45408,339.79905,534.67785,1.24772
3.46795,-3.16605,-2.83456,-2.39696,-1.72837,-0.64263,1.14732,4.08958,8.88454,16.62405,29.00310,48.64168,79.57250,127.97912,203.30954,319.95379,499.76624,0.78077
3.47297,-3.53764,-3.21047,-2.78267,-2.13334,-1.08328,0.64367,3.47914,8.09974,15.56389,27.52156,46.53489,76.56768,123.73133,197.41877,312.02622,489.56276,0.30343
3.47797,-3.11744,-2.83176,-2.48413,-1.98376,-1.19881,0.07099,2.13624,5.48203,10.86611,19.46957,33.12751,54.68206,88.52149,141.40193,223.69797,351.30331,-0.26198
3.48299,-2.84800,-2.56038,-2.21852,-1.73811,-0.99620,0.19336,2.11859,5.22901,10.22768,18.21299,30.89739,50.94447,82.48785,131.92884,209.16175,329.45434,-0.05559
3.48799,-3.36662,-3.01007,-2.55405,-1.88165,-0.81749,0.90685,3.70672,8.22686,15.46702,26.97283,45.12549,73.58057,117.93157,186.71116,292.89982,456.19549,0.62738
3.49300,-4.26144,-3.85931,-3.31376,-2.48002,-1.13691,1.05690,4.63113,10.40800,19.66053,34.35213,57.49895,93.71649,150.04263,237.17407,371.32089,576.98402,0.81227
3.49804,-4.30369,-3.93659,-3.43790,-2.67419,-1.44355,0.56452,3.83104,9.10172,17.52972,30.89194,51.91579,84.77217,135.81789,214.71092,336.08388,522.05063,0.44856
3.50306,-3.17564,-2.87349,-2.47846,-1.88006,-0.91196,0.68378,3.31213,7.61042,14.57987,25.78806,43.68011,72.05635,116.80401,187.01566,296.69659,467.36721,0.39260
3.50807,-1.68877,-1.45638,-1.18655,-0.80579,-0.20707,0.77349,2.39280,5.05644,9.40464,16.44481,27.75580,45.80196,74.41498,119.53102,190.31656,300.88420,0.34251
3.51307,-1.66979,-1.41988,-1.11605,-0.67213,0.03941,1.21566,3.16690,6.38376,11.64088,20.15692,33.84106,55.67188,90.27882,144.83184,230.40071,364.02777,1.00785
3.51809,-2.75492,-2.43035,-1.98295,-1.27576,-0.09811,1.88235,5.19406,10.67653,19.65843,34.23259,57.68007,95.12231,154.52174,248.21318,395.24316,624.93703,1.65651
3.52310,-3.10204,-2.77032,-2.31410,-1.59967,-0.42737,1.51066,4.69373,9.86823,18.19253,31.45668,52.41470,85.28641,136.51389,215.89877,338.31010,526.24466,1.32407
3.52811,-2.61608,-2.30815,-1.89849,-1.26983,-0.25036,1.42144,4.14885,8.55457,15.59726,26.74644,44.24448,71.49818,113.66287,178.51115,277.72272,428.79542,1.40597
3.53311,-1.96238,-1.68105,-1.31783,-0.76404,0.14214,1.65182,4.16002,8.28927,15.01761,25.87456,43.24061,70.80364,114.25298,182.33169,288.42874,452.98336,1.47174
3.53813,-1.44999,-1.21006,-0.92305,-0.50230,0.17978,1.32255,3.24459,6.45765,11.78234,20.52966,34.78471,57.84969,94.93353,154.22268,248.54046,397.91328,0.89988
3.54313,-1.57649,-1.35227,-1.09988,-0.74828,-0.19897,0.69629,2.16831,4.58023,8.50399,14.83815,24.98929,41.15098,66.73195,107.01155,170.14154,268.67432,0.37542
3.54813,-3.28069,-2.98459,-2.60392,-2.03126,-1.11186,0.38853,2.83121,6.77550,13.08559,23.09163,38.83218,63.41835,101.57958,160.47912,250.93000,389.20435,0.11834
3.55317,-4.62821,-4.24441,-3.70281,-2.84353,-1.42539,0.92645,4.79957,11.11491,21.31097,37.62514,63.52262,104.34895,168.32087,268.02745,422.70058,661.64393,0.69687
3.55819,-3.92449,-3.55135,-3.03357,-2.21962,-0.87947,1.34556,5.01924,11.02767,20.75888,36.37780,61.24657,100.56537,162.34774,258.90115,409.07127,641.63788,1.14850
3.56320,-1.92591,-1.64458,-1.30784,-0.82851,-0.07962,1.13104,3.09979,6.28586,11.40054,19.54187,32.39817,52.55458,83.95394,132.58768,207.52962,322.47959,0.74573
3.56824,-1.67945,-1.38137,-1.01776,-0.49291,0.33532,1.68484,3.89440,7.49249,13.30249,22.60265,37.36912,60.64422,97.09324,153.84411,241.75116,377.29362,1.46882
3.57328,-2.94087,-2.56834,-2.06107,-1.27447,0.01358,2.15072,5.68418,11.47466,20.87126,35.97911,60.06833,98.19693,158.15788,251.91483,397.77507,623.67186,2.06391
3.57831,-3.99065,-3.59494,-3.04214,-2.17660,-0.75990,1.57931,5.42218,11.67694,21.75810,37.85909,63.36648,103.48784,166.20137,263.68853,414.49220,646.76190,1.34340
3.58331,-4.03871,-3.65275,-3.11944,-2.28953,-0.93589,1.29414,4.95181,10.89834,20.47533,35.76441,59.98275,98.08374,157.66828,250.36370,393.90787,615.29433,0.98166
3.58831,-3.23086,-2.87425,-2.39512,-1.65520,-0.44505,1.56155,4.87729,10.30810,19.11691,33.27405,55.83984,91.54718,147.68722,235.45186,371.96516,583.35139,1.22617
3.59333,-2.17961,-1.89181,-1.53911,-1.02277,-0.19774,1.15915,3.39738,7.06650,13.02918,22.63443,37.98247,62.32878,100.69890,160.82125,254.53930,399.94476,0.73800
3.59835,-2.06960,-1.79758,-1.46642,-0.98221,-0.20642,1.07554,3.20250,6.71194,12.45520,21.77605,36.78681,60.79430,98.95574,159.28577,254.19995,402.87564,0.74021
3.60335,-2.96589,-2.63755,-2.19685,-1.51075,-0.37656,1.52506,4.70249,9.96557,18.60027,32.63992,55.28557,91.55577,149.28915,240.68729,384.68500,610.58548,1.40913
3.60836,-2.90203,-2.58924,-2.18762,-1.58798,-0.63227,0.91752,3.42529,7.44907,13.84276,23.90780,39.61877,63.95835,101.41322,158.70588,245.87218,377.84370,0.87889
3.61336,-2.70573,-2.37611,-1.94368,-1.28545,-0.21835,1.53989,4.43027,9.14353,16.75961,28.96132,48.36140,79.00233,127.11901,202.30020,319.25504,500.49650,1.44116
3.61836,-2.61407,-2.28717,-1.85577,-1.19592,-0.12159,1.65538,4.58629,9.37913,17.14174,29.60098,49.43793,80.79918,130.07579,207.08724,326.87851,512.44407,1.42557
3.62338,-2.79637,-2.47827,-2.05888,-1.41749,-0.37356,1.35186,4.19452,8.83548,16.33599,28.34227,47.39604,77.40422,124.34780,197.34856,310.27147,484.12677,1.03973
3.62839,-2.94166,-2.61125,-2.16509,-1.46987,-0.32280,1.59380,4.78229,10.03717,18.61056,32.46689,54.67393,90.00162,145.83733,233.58082,370.76656,584.28664,1.34801
3.63340,-2.68887,-2.37680,-1.96672,-1.33856,-0.31109,1.39784,4.23262,8.89426,16.48539,28.73292,48.32953,79.45595,128.57817,205.66131,326.01456,513.09036,1.16283
3.63842,-2.85258,-2.54821,-2.16294,-1.59245,-0.68384,0.79492,3.20112,7.08651,13.30138,23.15084,38.62902,62.76928,100.16648,157.75372,245.95464,380.38934,0.47521
3.64344,-3.79857,-3.42336,-2.91555,-2.13449,-0.86728,1.21497,4.62431,10.15824,19.05514,33.23020,55.63263,90.78563,145.60070,230.60277,361.77057,563.29631,0.95885
3.64846,-4.34999,-3.91413,-3.30167,-2.33925,-0.75886,1.85921,6.17496,13.22496,24.63162,42.92349,72.02467,118.00082,190.19420,302.94629,478.20827,749.49055,1.58915
3.65346,-4.41365,-3.97611,-3.36385,-2.40702,-0.84185,1.74532,6.00571,12.96369,24.22585,42.30240,71.10069,116.68120,188.41421,300.74557,475.88958,747.93029,1.48853
3.65849,-4.41639,-4.00041,-3.42731,-2.54199,-1.10757,1.24279,5.08008,11.29257,21.25804,37.10493,62.10792,101.28566,162.30216,256.82306,402.55309,626.29209,1.15453
3.66350,-4.57767,-4.14438,-3.52339,-2.53011,-0.87703,1.89036,6.49332,14.07458,26.43759,46.41601,78.44273,129.42470,210.08480,337.01550,535.81687,845.88400,1.72300
3.66858,-3.29524,-2.93158,-2.43407,-1.65701,-0.37818,1.74897,5.26882,11.03613,20.38811,35.40700,59.32019,97.10800,156.42533,248.99521,392.71231,614.81215,1.50394
3.67367,-1.83650,-1.52234,-1.11732,-0.50415,0.49436,2.15403,4.90908,9.44450,16.83828,28.78071,47.91175,78.33944,126.43527,202.05223,320.38840,504.83498,1.85242
3.67867,-1.89778,-1.56436,-1.12966,-0.47239,0.58868,2.33104,5.18349,9.80888,17.22809,29.00558,47.52604,76.40538,121.09966,189.80294,294.76757,454.23832,2.01389
3.68368,-4.18508,-3.73378,-3.06829,-1.98341,-0.15608,2.92879,8.09426,16.65224,30.68516,53.48362,90.22532,149.02572,242.56146,390.57304,623.71810,989.49605,2.76671
3.68868,-4.46606,-4.05875,-3.47361,-2.54026,-0.99661,1.56760,5.79733,12.70485,23.87313,41.76675,70.20699,115.09555,185.51569,295.40359,466.08174,730.09390,1.53274
3.69370,-3.76638,-3.40911,-2.91692,-2.14748,-0.88578,1.20238,4.64112,10.25272,19.32349,33.85763,56.96555,93.45647,150.74151,240.20704,379.30057,594.69491,1.05001
3.69871,-3.02728,-2.70843,-2.28591,-1.63730,-0.58141,1.16051,4.02297,8.68419,16.19964,28.20461,47.22115,77.12165,123.82794,196.36201,308.42244,480.74465,0.92150
3.70371,-2.71144,-2.39590,-1.97318,-1.31570,-0.23023,1.58615,4.61355,9.61335,17.78910,31.03495,52.31878,86.27124,140.09016,224.92510,357.99375,565.81156,1.25410
3.70879,-2.19148,-1.89586,-1.51580,-0.94410,-0.02140,1.49737,3.99377,8.06266,14.62897,25.12452,41.75557,67.90641,108.74669,172.14281,270.02244,420.41316,1.12909
3.71384,-2.98305,-2.62500,-2.13102,-1.35796,-0.08658,2.02535,5.51516,11.22593,20.47582,35.31679,58.92916,96.22210,154.74566,246.07288,387.89131,607.16304,1.85264
3.71885,-3.91165,-3.50864,-2.93343,-2.01861,-0.50598,2.00853,6.15969,12.94302,23.91389,41.49152,69.42250,113.48563,182.56210,290.25616,457.34613,715.48535,1.98319
3.72386,-3.52020,-3.13710,-2.60777,-1.78288,-0.43511,1.78833,5.43792,11.37184,20.92318,36.15355,60.23695,98.03940,156.99204,248.40304,389.42521,606.00138,1.69828
3.72888,-3.01718,-2.65288,-2.16352,-1.41598,-0.20827,1.77193,5.01074,10.26494,18.70935,32.16074,53.41725,86.77188,138.78805,219.46818,344.01213,535.45933,1.71581
3.73389,-3.64343,-3.24391,-2.68860,-1.82311,-0.41006,1.92039,5.74712,11.97544,22.01666,38.06211,63.50052,103.55240,166.23248,263.80670,414.99468,648.29428,1.84475
3.73890,-4.18873,-3.76814,-3.17748,-2.25386,-0.74816,1.72546,5.76724,12.31007,22.79913,39.46409,65.73092,106.84351,170.80024,269.76192,422.16506,655.88916,1.51428
3.74396,-4.57499,-4.13918,-3.51933,-2.54349,-0.94654,1.68442,5.99524,12.99557,24.25959,42.23338,70.70522,115.52384,185.69456,295.04922,464.78839,727.34845,1.49652
3.74913,-4.55254,-4.13034,-3.53743,-2.61185,-1.10620,1.36210,5.38755,11.89365,22.31095,38.84759,64.89974,105.67304,169.12278,267.37310,418.85766,651.54482,1.31033
3.75425,-4.21502,-3.79678,-3.21632,-2.31192,-0.83630,1.59424,5.57850,12.05065,22.46366,39.06859,65.33896,106.61433,171.07476,271.21270,426.05336,664.49921,1.43764
3.75926,-3.45546,-3.07341,-2.56412,-1.78806,-0.53482,1.51954,4.87841,10.32493,19.07454,33.00656,55.01521,89.54053,143.37008,226.84656,355.68421,553.69651,1.35291
3.76427,-3.31937,-2.96059,-2.48869,-1.77280,-0.61795,1.27548,4.37375,9.40422,17.49963,30.41863,50.88229,83.08717,133.48659,211.97815,333.70758,521.80570,1.12408
3.76927,-3.98231,-3.60507,-3.09920,-2.32904,-1.09679,0.89542,4.10133,9.21315,17.28420,29.91096,49.50315,79.68324,125.87645,196.17945,302.63705,463.11473,0.90264
3.77428,-4.60576,-4.17013,-3.56197,-2.61439,-1.07897,1.42382,5.47848,11.98561,22.32931,38.62933,64.12054,103.72325,164.89922,258.93400,402.85656,622.30950,1.60272
3.77929,-4.54843,-4.07789,-3.40945,-2.35536,-0.62913,2.21361,6.86589,14.40802,26.51924,45.80051,76.26628,124.09245,198.75253,314.74050,494.18102,770.77958,2.31449
3.78429,-3.55448,-3.10777,-2.49207,-1.53950,0.00488,2.53395,6.65634,13.31473,23.96476,40.84549,67.38739,108.82646,173.12708,272.36557,424.80139,657.97289,2.64497
3.78930,-3.67321,-3.22197,-2.59011,-1.59737,0.03312,2.73396,7.18495,14.45397,26.21372,45.07484,75.09703,122.57197,197.22101,314.02357,496.00580,778.48855,2.82370
3.79431,-4.00079,-3.59412,-3.02973,-2.14364,-0.68983,1.71217,5.65627,12.06973,22.39602,38.87342,64.95899,105.97254,170.07322,269.73715,423.99044,661.77872,1.69713
3.79932,-3.44966,-3.09552,-2.62498,-1.90369,-0.73708,1.16945,4.26839,9.25602,17.20060,29.73403,49.33780,79.76857,126.69000,198.60776,308.24995,474.59968,1.02803
3.80432,-2.94248,-2.55732,-2.03958,-1.24005,0.06355,2.21368,5.74393,11.48641,20.73526,35.49504,58.85791,95.57517,152.92164,242.00020,379.70752,591.69185,2.06600
3.80935,-3.39710,-2.96173,-2.35605,-1.40301,0.16921,2.78642,7.11971,14.22581,25.76289,44.32161,73.93222,120.83934,194.68366,310.29984,490.44783,769.95538,2.55876
3.81439,-4.42115,-3.95736,-3.29694,-2.24740,-0.51233,2.37294,7.14014,14.94021,27.57713,47.86673,80.18664,131.31702,211.72412,337.51543,533.41409,837.27772,2.18272
3.81939,-4.66190,-4.22984,-3.62924,-2.69615,-1.18572,1.27657,5.26802,11.67864,21.87693,37.95958,63.12753,102.25082,162.71675,255.70030,398.06599,615.21157,1.33661
3.82440,-4.59885,-4.18290,-3.61069,-2.72746,-1.30407,1.00833,4.74573,10.73234,20.23256,35.17956,58.51857,94.72199,150.56089,236.25888,367.21566,566.57918,1.00942
3.82941,-4.54156,-4.09691,-3.47318,-2.49393,-0.89228,1.74501,6.06233,13.06417,24.31183,42.22296,70.52705,114.95703,184.29750,291.97057,458.43200,714.78726,1.57827
3.83443,-4.42622,-3.95503,-3.28733,-2.23050,-0.48884,2.40023,7.16434,14.94716,27.54044,47.74033,79.89331,130.73115,210.64569,335.63079,530.23661,832.05755,2.25889
3.83947,-4.12615,-3.68636,-3.08823,-2.17175,-0.69721,1.70248,5.59392,11.85224,21.82589,37.58523,62.29693,100.78665,160.38327,252.18214,392.93256,607.85297,1.63729
3.84447,-4.83453,-4.37592,-3.74855,-2.78850,-1.24996,1.24291,5.26942,11.72322,21.98008,38.15086,63.46279,102.83247,163.72575,257.44457,401.04996,620.23000,1.34109
3.84947,-5.57859,-5.08324,-4.38898,-3.30870,-1.55650,1.31172,5.99006,13.56363,25.72517,45.10683,75.78783,124.06979,199.65914,317.46639,500.34111,783.22340,1.49944
3.85447,-4.86275,-4.41336,-3.80994,-2.89701,-1.44101,0.91642,4.73024,10.86179,20.64624,36.14782,60.54817,98.73637,158.20416,250.40145,392.78612,611.92012,0.97277
3.85947,-4.32889,-3.90940,-3.37000,-2.57977,-1.34779,0.61236,3.73616,8.68846,16.48399,28.66781,47.58536,76.78583,121.62361,190.15305,294.45746,452.61956,0.79829
3.86449,-5.12011,-4.65288,-4.03229,-3.10120,-1.62765,0.73985,4.54008,10.60109,20.19394,35.26430,58.78085,95.25856,151.54343,237.98678,370.20009,571.67382,1.03183
3.86950,-5.60069,-5.09434,-4.41002,-3.36977,-1.70750,0.98376,5.33249,12.31091,23.42053,40.97309,68.51566,111.47256,178.11285,281.00542,439.20393,681.52255,1.10332
3.87450,-5.60036,-5.08820,-4.39912,-3.35515,-1.68886,1.01006,5.37734,12.40019,23.61004,41.37653,69.35580,113.17311,181.46121,287.43722,451.29536,703.83428,1.23552
3.87950,-5.64543,-5.16066,-4.52296,-3.57429,-2.08132,0.30870,4.13507,10.22507,19.84646,34.93702,58.44939,94.86828,150.98533,237.05725,368.53485,568.64059,0.74814
3.88450,-5.52037,-5.06964,-4.49185,-3.64548,-2.32565,-0.22652,3.11520,8.40432,16.71202,29.66109,49.70012,80.50838,127.59152,199.15473,307.37812,470.27275,-0.00834
3.88951,-4.77577,-4.35088,-3.82019,-3.04929,-1.84360,0.09046,3.20506,8.20164,16.16944,28.79724,48.69711,79.89890,128.60485,204.33904,321.69710,503.00615,0.11691
3.89451,-4.00321,-3.62576,-3.18651,-2.58188,-1.66884,-0.23836,2.02468,5.60137,11.22891,20.03668,33.75196,55.01070,87.82678,138.29929,215.67775,333.96429,-0.28922
3.89953,-4.52298,-4.12679,-3.65657,-3.00243,-2.01148,-0.46048,1.98503,5.83122,11.84559,21.18996,35.61772,57.76573,91.58504,142.97451,220.70959,337.79952,-0.51782
3.90454,-5.91348,-5.42387,-4.78169,-3.81831,-2.28082,0.22049,4.29437,10.89565,21.52135,38.51345,65.52597,108.24458,175.49426,280.94112,445.70495,702.36554,0.32495
3.90957,-5.89779,-5.41861,-4.80473,-3.90331,-2.48834,-0.21714,3.43742,9.29014,18.60041,33.31038,56.40661,92.46802,148.49518,235.16301,368.71080,573.79015,-0.00720
3.91457,-4.94049,-4.53294,-4.06215,-3.42982,-2.50258,-1.09355,1.06481,4.35813,9.34111,16.80531,27.86773,44.08195,67.57083,101.17003,148.55534,214.29345,-0.96668
3.91959,-5.04352,-4.60285,-4.06073,-3.27899,-2.05217,-0.06387,3.18279,8.47414,17.05617,30.90055,53.12011,88.61675,145.09089,234.61048,376.04747,598.85558,-0.20735
3.92462,-4.53309,-4.12738,-3.65825,-3.01636,-2.04705,-0.52113,1.91115,5.79035,11.95574,21.71081,37.07770,61.18827,98.88463,157.64037,248.97266,390.60495,-0.73220
3.92962,-4.87707,-4.45886,-3.98173,-3.34631,-2.42052,-1.02210,1.10647,4.33168,9.17346,16.36247,26.91129,42.19820,64.05624,94.84897,137.49297,195.34855,-1.03995
3.93463,-6.51156,-5.98547,-5.30357,-4.29265,-2.69626,-0.12470,4.02241,10.67418,21.26800,38.02248,64.35221,105.49710,169.47629,268.53129,421.30697,656.14401,-0.04744
3.93966,-6.57102,-6.06163,-5.40553,-4.43444,-2.89893,-0.41870,3.59494,10.05778,20.39459,36.81722,62.75029,103.48138,167.15340,266.27630,420.02765,657.74956,-0.35437
3.94467,-5.12490,-4.71774,-4.24993,-3.61335,-2.65984,-1.17549,1.15792,4.81976,10.53418,19.39373,33.04174,53.94076,85.76687,133.98594,206.69342,315.83259,-1.14291
3.94967,-4.04389,-3.69583,-3.32479,-2.84559,-2.14486,-1.06000,0.65337,3.37074,7.67395,14.46683,25.15319,41.91127,68.11651,108.99232,172.61100,271.43199,-1.08461
3.95468,-3.57652,-3.26314,-2.94784,-2.56241,-2.02155,-1.20878,0.04481,1.99153,5.01294,9.68816,16.89620,27.96928,44.92230,70.79521,110.16297,169.89251,-1.57721
3.95968,-4.07007,-3.70967,-3.30792,-2.77021,-1.96697,-0.70989,1.28476,4.45113,9.45671,17.32778,29.63915,48.80094,78.49136,124.30809,194.74682,302.66789,-1.05490
3.96471,-4.67701,-4.25036,-3.73535,-3.00426,-1.87118,-0.05546,2.87616,7.59845,15.16451,27.21611,46.30755,76.40312,123.64142,197.50676,312.62371,491.50259,-0.27539
3.96972,-5.37691,-4.92261,-4.36664,-3.57308,-2.34371,-0.38062,2.77275,7.82125,15.85423,28.55211,48.49968,79.65991,128.08967,203.01735,318.46256,495.66476,-0.69269
3.97473,-5.81404,-5.35251,-4.78665,-3.97690,-2.72020,-0.71068,2.52188,7.70624,15.97361,29.07766,49.73081,82.11755,132.67733,211.29601,333.11751,521.29434,-0.72252
3.97973,-5.57831,-5.14560,-4.63654,-3.93414,-2.87441,-1.21793,1.39401,5.50498,11.94132,21.95868,37.46137,61.33050,97.91465,153.76198,238.71185,367.52026,-0.95294
3.98475,-5.76558,-5.33213,-4.82105,-4.11580,-3.05541,-1.40892,1.16274,5.16150,11.33020,20.76352,35.06441,56.56287,88.61810,136.02956,205.58562,306.77825,-1.38113
3.98978,-6.04426,-5.56734,-4.96659,-4.08683,-2.70004,-0.46034,3.16622,9.00883,18.35565,33.20369,56.64018,93.42393,150.87067,240.19854,378.57129,592.19734,-0.58990
3.99478,-4.59525,-4.17683,-3.68996,-3.01933,-2.00139,-0.39503,2.16458,6.23580,12.67606,22.80144,38.62837,63.23947,101.33724,160.08096,250.35113,388.65903,-0.38341
3.99978,-3.45757,-3.12465,-2.80574,-2.44818,-1.99491,-1.38403,-0.55005,0.56919,2.01327,3.75712,5.62692,7.14152,7.22286,3.68042,-7.69068,-34.66479,-1.40996
4.00478,-4.33166,-3.93415,-3.49306,-2.90396,-2.01988,-0.62343,1.61824,5.22338,11.00378,20.23243,34.90406,58.13986,94.81592,152.53797,243.15226,385.08538,-0.86589
4.00978,-4.94665,-4.51356,-4.02089,-3.34814,-2.32700,-0.70913,1.88420,6.03897,12.66594,23.18090,39.78158,65.87284,106.71929,170.44552,269.56796,423.33890,-1.06528
4.01479,-5.57878,-5.15056,-4.67150,-4.03531,-3.10120,-1.67302,0.53143,3.92345,9.10325,16.94257,28.69777,46.16190,71.86469,109.32681,163.36787,240.45087,-1.87392
4.01979,-6.21061,-5.75656,-5.21305,-4.44348,-3.25098,-1.33948,1.74753,6.72098,14.69043,27.38554,47.49635,79.19534,128.93749,206.68404,327.77180,515.76486,-1.35762
4.02480,-5.16006,-4.77129,-4.34531,-3.78191,-2.94226,-1.62238,0.48929,3.87743,9.30093,17.94934,31.68535,53.42058,87.69729,141.58762,226.08217,358.23170,-1.84201
4.02984,-4.33343,-3.98906,-3.65498,-3.26623,-2.74587,-1.99620,-0.88530,0.77088,3.23194,6.86345,12.17569,19.87085,30.89666,46.49897,68.25545,98.05383,-2.41862
4.03486,-5.05446,-4.64160,-4.17966,-3.55752,-2.62151,-1.14692,1.20715,4.96635,10.94562,20.40892,35.31396,58.68677,95.19483,152.02247,240.20700,376.67534,-1.51479
4.03987,-5.54112,-5.11046,-4.61068,-3.91943,-2.86500,-1.19429,1.47739,5.74225,12.51526,23.20931,40.00158,66.23847,107.05051,170.28394,267.91074,418.15918,-1.65559
4.04492,-5.51627,-5.10885,-4.64675,-4.02294,-3.09093,-1.63987,0.64405,4.23467,9.85043,18.58000,32.06847,52.79318,84.47080,132.65568,205.61583,315.60954,-1.85159
4.05002,-5.07032,-4.66606,-4.20983,-3.59456,-2.67157,-1.22346,1.07906,4.74293,10.55333,19.72785,34.15353,56.75119,92.03552,146.97507,232.31227,364.58815,-1.14295
4.05509,-4.50954,-4.11841,-3.69441,-3.14242,-2.33708,-1.10257,0.81797,3.80686,8.43668,15.56513,26.47393,43.07221,68.19302,106.02437,162.73279,247.36184,-1.41568
4.06010,-5.09229,-4.67252,-4.18966,-3.52589,-2.51923,-0.93433,1.58163,5.56442,11.83009,21.62001,36.81748,60.27024,96.27034,151.26598,234.91521,361.64222,-1.38748
4.06510,-5.34045,-4.91219,-4.40129,-3.67563,-2.54697,-0.73370,2.19666,6.91489,14.46344,26.45988,45.40785,75.17148,121.69865,194.12141,306.42854,480.00446,-0.80735
4.07010,-4.10764,-3.76153,-3.40252,-2.95262,-2.31370,-1.35353,0.11453,2.35950,5.77120,10.91288,18.59297,29.96123,46.63503,70.86016,105.70655,155.29025,-1.37450
4.07510,-3.75019,-3.41097,-3.06803,-2.64671,-2.05437,-1.16688,0.19117,2.27400,5.45317,10.27158,17.51904,28.33748,44.36569,67.93571,102.33438,152.14344,-1.45726
4.08010,-4.60887,-4.18801,-3.69834,-3.01158,-1.94622,-0.23079,2.55302,7.05717,14.30030,25.87198,44.24654,73.26487,118.87332,190.25460,301.55712,474.53590,-0.56070
4.08510,-4.69484,-4.27987,-3.81032,-3.17113,-2.20649,-0.69221,1.70530,5.48901,11.41935,20.64391,34.88822,56.73591,90.03879,140.51425,216.61266,330.77098,-0.97601
4.09011,-4.44749,-4.05188,-3.62729,-3.07764,-2.27915,-1.06153,0.81933,3.71959,8.16073,14.90401,25.05375,40.19917,62.60618,95.47137,143.24921,212.05747,-1.41515
4.09511,-4.82168,-4.41435,-3.96425,-3.36239,-2.46087,-1.04521,1.20842,4.79783,10.49304,19.48639,33.62243,55.75011,90.26223,143.92058,227.11750,355.80279,-1.38701
4.10011,-4.90528,-4.51834,-4.10585,-3.57696,-2.81588,-1.66476,0.10118,2.80811,6.93140,13.16180,22.49648,36.36249,56.78079,86.57817,129.64997,191.26582,-1.92197
4.10511,-5.45783,-5.01664,-4.50621,-3.80354,-2.73819,-1.06191,1.59783,5.80692,12.42762,22.77227,38.83296,63.62414,101.69298,159.87756,248.43116,382.68578,-1.26079
4.11013,-5.73168,-5.24985,-4.67139,-3.84931,-2.57302,-0.52745,2.77046,8.06828,16.52536,29.93737,51.07919,84.22808,135.96122,216.36970,340.90499,533.18456,-0.86918
4.11515,-5.34873,-4.87043,-4.30700,-3.51769,-2.30140,-0.35879,2.76733,7.78243,15.77750,28.43742,48.35764,79.52460,128.04411,203.24298,319.33313,497.92183,-0.82935
4.12015,-5.07200,-4.58162,-4.00463,-3.19713,-1.95155,0.04330,3.26560,8.45780,16.77534,30.01462,50.96213,83.92918,135.56979,216.12989,341.35347,535.38802,-0.15275
4.12516,-5.52576,-5.02251,-4.41678,-3.55484,-2.21284,-0.05255,3.44860,9.10500,18.18796,32.67953,55.66252,91.91973,148.85343,237.89422,376.65808,592.24572,-0.14731
4.13016,-5.82161,-5.32674,-4.72712,-3.86973,-2.53227,-0.37948,3.10509,8.72352,17.72294,32.03884,54.66678,90.22892,145.83708,232.40434,366.63627,574.04973,-0.69415
4.13516,-4.96956,-4.51537,-3.99028,-3.26386,-2.15024,-0.37240,2.49432,7.10858,14.49525,26.24789,44.83929,74.09713,119.93251,191.45356,302.66662,475.07251,-0.79035
4.14016,-3.75322,-3.37078,-2.97526,-2.47832,-1.76423,-0.67136,1.03690,3.71498,7.89821,14.39600,24.43004,39.83880,63.37971,99.17433,153.36212,235.05766,-1.25546
4.14516,-3.56823,-3.21716,-2.87030,-2.45187,-1.86788,-0.99188,0.35632,2.44079,5.65221,10.56846,18.04030,29.31160,46.18567,71.25099,108.18057,162.11544,-1.73554
4.15018,-4.47338,-4.08134,-3.65209,-3.07805,-2.21015,-0.82716,1.41294,5.04848,10.93187,20.41404,35.63356,59.96983,98.75273,160.37210,258.01056,412.34616,-1.36229
4.15518,-5.31638,-4.89485,-4.42413,-3.79387,-2.85620,-1.40044,0.88481,4.46718,10.05223,18.70401,32.02315,52.40973,83.45038,130.48660,201.44678,308.06067,-1.62645
4.16021,-6.34199,-5.85632,-5.27789,-4.46598,-3.22431,-1.26668,1.83532,6.72959,14.39776,26.32429,44.74702,73.02747,116.19739,181.76257,280.88270,430.09847,-1.47875
4.16529,-6.76090,-6.23282,-5.57452,-4.61340,-3.09639,-0.63908,3.35485,9.81743,20.20720,36.80336,63.15931,104.80162,170.30635,272.95419,433.27382,682.94711,-0.85164
4.17030,-5.37593,-4.93690,-4.44259,-3.77339,-2.76663,-1.18749,1.31542,5.27588,11.50818,21.25392,36.40192,59.81749,95.83466,150.99045,235.11853,362.97500,-1.43908
4.17531,-4.02833,-3.66844,-3.31556,-2.89300,-2.31046,-1.45166,-0.15714,1.79833,4.73545,9.10952,15.56116,24.98013,38.58196,57.99185,85.32175,123.20816,-2.04020
4.18032,-3.98832,-3.59925,-3.18721,-2.64749,-1.83963,-0.55924,1.50583,4.84243,10.21502,18.82516,32.55915,54.37229,88.88526,143.30771,228.86758,363.02035,-1.31103
4.18532,-3.97884,-3.58157,-3.16687,-2.63905,-1.87549,-0.70704,1.11093,3.93959,8.31538,15.03415,25.27184,40.75658,64.01273,98.70375,150.10931,225.78132,-1.35684
4.19033,-4.95561,-4.50148,-3.99183,-3.30614,-2.28250,-0.69133,1.80367,5.70137,11.74303,21.02647,35.16865,56.53569,88.56569,136.21648,206.57929,309.70645,-1.16719
4.19537,-6.22251,-5.68599,-5.02492,-4.06099,-2.53305,-0.04237,4.03363,10.67477,21.42513,38.71440,66.35728,110.32876,179.96740,289.83990,462.62943,733.60630,-0.47396
4.20038,-5.68028,-5.20115,-4.65759,-3.91675,-2.79672,-1.03401,1.76626,6.20391,13.19339,24.12700,41.11865,67.36699,107.69530,169.35197,263.19436,405.43486,-1.37770
4.20538,-5.68264,-5.20463,-4.66607,-3.93306,-2.82222,-1.06614,1.73956,6.21572,13.31950,24.52621,42.10517,69.53837,112.15520,178.09285,279.74836,435.97066,-1.35698
4.21038,-5.92940,-5.43963,-4.87727,-4.09902,-2.90612,-1.00544,2.05023,6.95244,14.77464,27.18225,46.75425,77.47506,125.48659,200.23616,316.22744,495.68832,-1.15716
4.21539,-5.69868,-5.23766,-4.72928,-4.05417,-3.05608,-1.51703,0.87902,4.59721,10.32404,19.06950,32.31087,52.19373,81.80974,125.57487,189.73557,283.03029,-1.83015
4.22039,-5.80476,-5.33735,-4.81153,-4.09849,-3.02343,-1.33445,1.34487,5.58576,12.25877,22.68987,38.89406,63.92474,102.39573,161.25953,250.96627,387.18668,-1.80477
4.22539,-5.50664,-5.04369,-4.52156,-3.80552,-2.70742,-0.94782,1.90347,6.51875,13.95300,25.86147,44.83653,74.92933,122.45679,197.24848,314.57142,498.09862,-1.54970
4.23039,-4.61010,-4.20763,-3.80029,-3.29721,-2.58591,-1.51606,0.12400,2.63925,6.47111,12.25543,20.89909,33.67832,52.35900,79.33265,117.74799,171.59084,-2.15202
4.23539,-5.04950,-4.60669,-4.11463,-3.44752,-2.43173,-0.81132,1.80553,6.02796,12.80704,23.62704,40.79940,67.91424,110.53313,177.25013,281.31466,443.11067,-1.28317
4.24040,-4.90973,-4.44882,-3.92533,-3.20276,-2.08918,-0.29826,2.61164,7.33095,14.94266,27.14427,46.59094,77.42532,126.09552,202.61552,322.50586,509.77889,-0.77202
4.24542,-3.88222,-3.44858,-2.99189,-2.40619,-1.55407,-0.24521,1.79551,4.97316,9.88660,17.41880,28.86425,46.10723,71.86867,110.04292,166.14925,247.92357,-0.81230
4.25042,-4.26104,-3.79838,-3.28311,-2.58789,-1.53866,0.11641,2.75478,6.95045,13.57959,23.97841,40.17914,65.26303,103.88726,163.07009,253.35920,390.56723,-0.36652
4.25543,-4.96989,-4.50198,-3.95574,-3.18649,-1.98827,-0.05219,3.09879,8.20956,16.44594,29.63010,50.60304,83.78223,136.01883,217.91295,345.83035,544.99094,-0.46445
4.26046,-4.51685,-4.11667,-3.68341,-3.10724,-2.23967,-0.86469,1.34588,4.89940,10.58445,19.62634,33.92495,56.41786,91.63449,146.53940,231.81385,363.79998,-1.41858
4.26552,-4.13381,-3.76818,-3.39832,-2.93309,-2.25511,-1.19782,0.48987,3.19699,7.53246,14.45186,25.45443,42.88928,70.43141,113.82067,182.00776,288.93012,-1.62526
4.27054,-4.30759,-3.92404,-3.53399,-3.04601,-2.34597,-1.27820,0.38231,2.96966,6.98454,13.17831,22.67642,37.15963,59.12968,92.29736,142.14800,216.76263,-1.67470
4.27554,-5.06147,-4.60275,-4.08111,-3.36514,-2.27495,-0.54955,2.20252,6.57609,13.47702,24.28193,41.07492,66.99759,106.76532,167.42502,259.46402,398.42562,-1.11642
4.28056,-5.27055,-4.77094,-4.17035,-3.30848,-1.95284,0.24893,3.84426,9.69138,19.13785,34.29614,58.46942,96.80856,157.32539,252.45235,401.44153,634.05089,-0.33184
4.28559,-4.43719,-3.99532,-3.49732,-2.81633,-1.77412,-0.10608,2.59408,6.95907,13.97797,25.19618,43.02356,71.20868,115.56875,185.11075,293.75240,462.96080,-0.58599
4.29060,-3.53230,-3.17502,-2.83060,-2.42284,-1.86052,-1.02475,0.24951,2.19812,5.16073,9.62449,16.28095,26.09771,40.40360,60.97979,90.13716,130.73602,-1.76268
4.29560,-3.76506,-3.40742,-3.05900,-2.63856,-2.04534,-1.14179,0.27307,2.50289,6.01254,11.51655,20.11343,33.49009,54.23294,86.30090,135.74409,211.79464,-1.89318
4.30061,-4.47752,-4.08834,-3.68546,-3.17697,-2.44579,-1.33121,0.39876,3.08692,7.24377,13.62978,23.37464,38.14988,60.41780,93.78858,143.53004,217.29072,-1.86972
4.30561,-5.66725,-5.20426,-4.66279,-3.90762,-2.74881,-0.90649,2.04331,6.74974,14.20859,25.94449,44.28416,72.76546,116.74838,184.32483,287.67019,445.04573,-1.25622
4.31062,-6.28233,-5.74946,-5.08297,-4.10357,-2.54527,0.00075,4.17480,10.98632,22.02739,39.80392,68.24934,113.52034,185.22808,298.33974,476.11230,754.61372,-0.29238
4.31563,-5.62288,-5.11576,-4.51478,-3.66993,-2.36776,-0.29120,3.04281,8.37756,16.85892,30.25070,51.26037,84.03100,134.88346,213.43307,334.26752,519.46313,-0.60151
4.32063,-5.53691,-5.05094,-4.49057,-3.72065,-2.55534,-0.72632,2.16528,6.71911,13.83833,24.87976,41.87315,67.84016,107.25625,166.71561,255.88270,388.84469,-1.21990
4.32564,-5.98617,-5.47795,-4.86561,-3.98755,-2.61338,-0.39787,3.18984,8.97345,18.23306,32.95460,56.21096,92.74331,149.84744,238.72231,376.52024,589.46027,-1.01992
4.33064,-4.92739,-4.48637,-3.99688,-3.33906,-2.35309,-0.81086,1.62565,5.46475,11.47351,20.80749,35.20140,57.24821,90.80697,141.59542,218.04819,332.55345,-1.38479
4.33564,-4.10651,-3.70322,-3.28342,-2.74815,-1.97094,-0.77666,1.08928,4.00462,8.53310,15.51501,26.19779,42.42362,66.89719,103.56485,158.14718,238.87878,-1.37333
4.34068,-4.38419,-3.92200,-3.39690,-2.66592,-1.52594,0.33018,3.38250,8.39062,16.55964,29.79906,51.12702,85.30065,139.79830,226.34681,363.29420,579.29086,-0.41129
4.34572,-4.24011,-3.77137,-3.24936,-2.54062,-1.46075,0.26055,3.03372,7.49082,14.60853,25.89400,43.66649,71.48322,114.78264,181.85380,285.29477,444.20285,-0.52375
4.35073,-4.87560,-4.39229,-3.84751,-3.10758,-1.98962,-0.22940,2.56799,7.00097,13.97953,24.88580,41.81320,67.92205,107.96762,169.08207,261.93035,402.41479,-0.86602
4.35574,-6.02166,-5.49210,-4.85686,-3.94853,-2.52782,-0.23574,3.48048,9.48046,19.10351,34.43368,58.70647,96.93269,156.85480,250.41065,395.97279,621.77106,-0.61871
4.36085,-5.40026,-4.92374,-4.38791,-3.66099,-2.56533,-0.84673,1.87153,6.15537,12.85719,23.25790,39.27435,63.76133,100.94932,157.07557,241.28901,366.93962,-1.15545
4.36596,-4.30053,-3.88562,-3.45675,-2.91184,-2.12009,-0.89954,1.01703,4.03166,8.75447,16.11265,27.51351,45.08839,72.05772,113.27612,176.04609,271.33083,-1.45054
4.37096,-4.14468,-3.73709,-3.31073,-2.75583,-1.92516,-0.60358,1.53983,5.02542,10.67719,19.80139,34.46610,57.93913,95.37315,154.87599,249.18073,398.24856,-1.43666
4.37597,-4.68760,-4.25259,-3.78057,-3.15461,-2.21893,-0.75072,1.58284,5.28785,11.13779,20.31420,34.61735,56.78131,90.94468,143.35128,223.39132,345.14402,-1.24001
4.38098,-5.60196,-5.11139,-4.54702,-3.76963,-2.58886,-0.72934,2.22068,6.88523,14.21339,25.64755,43.37479,70.70248,112.61888,176.62828,273.99388,421.58494,-1.09458
4.38599,-6.15769,-5.64203,-5.03287,-4.17822,-2.86607,-0.78538,2.53390,7.81095,16.15011,29.24683,49.70042,81.48919,130.69220,206.58511,323.30404,502.37132,-0.99625
4.39100,-5.66317,-5.19336,-4.66577,-3.95873,-2.91296,-1.30789,1.17258,4.98754,10.80476,19.59143,32.73874,52.23075,80.86967,122.56926,182.72528,268.66192,-1.48913
4.39602,-5.18630,-4.71919,-4.18077,-3.43522,-2.29581,-0.49097,2.38739,6.96080,14.17897,25.49197,43.10892,70.38691,112.41520,176.89192,275.43886,425.57201,-0.79427
4.40102,-3.95317,-3.53351,-3.07340,-2.45456,-1.51657,-0.02608,2.37067,6.21921,12.36505,22.11866,37.50772,61.66285,99.40735,158.15779,249.29873,390.27981,-0.64020
4.40602,-2.74646,-2.39415,-2.05807,-1.66291,-1.12051,-0.31771,0.90038,2.75205,5.54692,9.72157,15.88368,24.86385,37.77022,56.03342,81.41466,115.92329,-1.10420
4.41102,-3.57924,-3.18229,-2.75002,-2.16789,-1.27919,0.14710,2.46575,6.23051,12.30941,22.06238,37.61535,62.28274,101.21858,162.41791,258.25552,407.84763,-0.42575
4.41602,-4.25094,-3.84270,-3.38553,-2.75796,-1.79342,-0.24672,2.25682,6.29802,12.78026,23.10719,39.45439,65.18434,105.47991,168.30945,265.89588,416.95005,-0.66999
4.42102,-3.65802,-3.26899,-2.86186,-2.33883,-1.57629,-0.40516,1.41691,4.24368,8.59290,15.21869,25.21045,40.12570,62.16459,94.39152,141.00339,207.62955,-0.96525
4.42606,-3.93899,-3.50065,-3.00864,-2.33162,-1.28796,0.39140,3.12013,7.54331,14.67057,26.08086,44.23824,72.97856,118.25919,189.31237,300.41812,473.62772,-0.32382
4.43113,-4.89170,-4.41791,-3.86525,-3.08457,-1.86553,0.10692,3.31976,8.53453,16.94510,30.42100,51.88317,85.88396,139.50157,223.71744,355.53572,561.24148,-0.46173
4.43614,-5.38029,-4.91482,-4.39344,-3.69229,-2.64872,-1.03532,1.47759,5.37484,11.37116,20.51717,34.34930,55.10049,85.99399,131.64811,198.62686,296.17655,-1.32146
4.44114,-6.13457,-5.59049,-4.93189,-3.98771,-2.51479,-0.15096,3.65733,9.76430,19.49110,34.87880,59.07462,96.92096,155.85387,247.27219,388.62336,606.58020,-0.54954
4.44615,-5.51128,-4.96786,-4.31897,-3.39738,-1.96483,0.33341,4.03891,9.98618,19.46298,34.45297,58.00318,94.77983,151.90834,240.24015,376.26143,584.96509,-0.32813
4.45115,-4.48838,-4.01398,-3.49015,-2.79062,-1.74416,-0.10483,2.49356,6.60419,13.06571,23.14768,38.76548,62.79722,99.54963,155.44031,239.99306,367.28425,-0.92583
4.45616,-5.40545,-4.89346,-4.28344,-3.40807,-2.02555,0.23244,3.94257,10.01655,19.89842,35.87200,61.54083,102.57643,167.88397,271.41550,434.98818,692.66024,-0.55516
4.46118,-5.79199,-5.28161,-4.68224,-3.83878,-2.53619,-0.45860,2.87208,8.18762,16.61008,29.85696,50.54920,82.67331,132.27338,208.48508,325.07795,502.75133,-1.04057
4.46618,-5.82871,-5.31116,-4.70856,-3.87404,-2.60834,-0.62627,2.49254,7.37432,14.95278,26.61538,44.41325,71.36079,111.86032,172.29825,261.87351,393.73455,-1.21715
4.47119,-6.13284,-5.55402,-4.83344,-3.77730,-2.10188,0.62569,5.08034,12.32280,24.02266,42.80505,72.79024,120.43302,195.82846,314.74111,501.75791,795.18553,0.01902
4.47619,-5.29250,-4.75600,-4.12009,-3.22643,-1.85270,0.32763,3.80689,9.33477,18.05501,31.70965,52.94476,85.76719,136.22649,213.43057,331.05672,509.59597,-0.17351
4.48120,-5.12077,-4.60300,-3.99848,-3.16004,-1.88455,0.12157,3.29426,8.28712,16.08121,28.14477,46.66538,74.88616,117.59038,181.79571,277.74313,420.29579,-0.22715
4.48623,-5.45553,-4.91832,-4.26252,-3.31196,-1.81074,0.62971,4.61344,11.08757,21.53942,38.30170,65.02532,107.41147,174.34463,279.64369,444.76704,702.98822,0.22435
4.49125,-4.57702,-4.11477,-3.59350,-2.88316,-1.80524,-0.09945,2.62731,6.97747,13.87819,24.75622,41.80330,68.37912,109.62279,173.37938,271.60331,422.48178,-0.64013
4.49626,-4.19382,-3.77065,-3.32307,-2.75132,-1.92973,-0.68938,1.20642,4.09459,8.45520,14.96739,24.58068,38.60227,58.79701,87.48847,127.63323,182.81124,-1.13125
4.50133,-5.28366,-4.76806,-4.14745,-3.25538,-1.85402,0.41429,4.10148,10.06722,19.65249,34.94581,59.19210,97.41980,157.40268,251.13241,397.07204,623.60184,-0.26907
4.50640,-5.31182,-4.79973,-4.19692,-3.34963,-2.04471,0.02956,3.34217,8.60606,16.90648,29.89172,50.05634,81.16126,128.85528,201.59162,311.97666,478.74863,-0.73389
4.51140,-5.02297,-4.54322,-4.00552,-3.28268,-2.20699,-0.54360,2.04812,6.06899,12.25672,21.69440,35.96323,57.35618,89.17404,136.13033,204.89725,304.82751,-1.09985
4.51643,-5.53419,-5.00954,-4.37249,-3.44641,-1.97559,0.43000,4.38123,10.84359,21.34569,38.30439,65.53280,109.03299,178.23250,287.91010,461.19329,734.21955,0.01167
4.52144,-4.64170,-4.19091,-3.68812,-3.00192,-1.95432,-0.28611,2.39578,6.69688,13.55424,24.41747,41.52505,68.32594,110.12276,175.05184,275.57578,430.75498,-0.80391
4.52644,-3.66492,-3.27691,-2.89931,-2.44930,-1.83221,-0.93048,0.41076,2.40040,5.32005,9.54370,15.55491,23.95435,35.44300,50.75398,70.48390,94.73847,-1.38633
4.53145,-4.19050,-3.74880,-3.27305,-2.64485,-1.70846,-0.24313,2.07854,5.75155,11.52899,20.55735,34.57952,56.23988,89.54294,140.54219,218.37493,336.81642,-0.64794
4.53646,-5.10174,-4.61838,-4.06538,-3.30207,-2.13721,-0.29443,2.63940,7.28956,14.60471,26.02123,43.70630,70.91639,112.52473,175.79395,271.50357,415.58829,-0.82460
4.54147,-5.53942,-5.01795,-4.39948,-3.52447,-2.16889,-0.00169,3.48026,9.04981,17.89657,31.84921,53.71190,87.77284,140.57276,222.06358,347.35412,539.33670,-0.35653
4.54650,-5.25962,-4.73084,-4.10843,-3.23499,-1.88893,0.25744,3.70278,9.21464,17.97817,31.82237,53.56536,87.54103,140.40259,222.34758,348.98536,544.18322,0.00848
4.55151,-5.08273,-4.57703,-3.99828,-3.20616,-2.00975,-0.13508,2.82334,7.47299,14.72586,25.94795,43.17706,69.43910,109.20562,169.05159,258.59613,391.83893,-0.70577
4.55652,-5.54698,-5.02752,-4.41052,-3.53428,-2.17098,0.01791,3.55002,9.22521,18.28216,32.63695,55.24682,90.66491,145.88569,231.63158,364.31034,568.99031,-0.59133
4.56152,-5.12370,-4.64031,-4.08581,-3.31694,-2.13738,-0.26016,2.74920,7.55742,15.19119,27.23044,46.10171,75.52317,121.17973,191.74570,300.43340,467.33647,-0.71445
4.56652,-4.42835,-3.99451,-3.54221,-2.97046,-2.15697,-0.94272,0.88803,3.63164,7.69242,13.61145,22.09109,34.00247,50.35049,72.14779,100.10958,134.01277,-1.46881
4.57152,-5.49903,-4.96585,-4.32678,-3.40983,-1.96839,0.36939,4.17922,10.36127,20.32563,36.27837,61.66339,101.84442,165.15738,264.53239,419.99252,662.50117,-0.19925
4.57653,-5.86189,-5.30006,-4.60609,-3.59070,-1.97579,0.66405,4.99368,12.06014,23.51383,41.95186,71.45125,118.39604,192.75976,310.09055,494.58219,783.82041,0.21960
4.58153,-4.71153,-4.24554,-3.74116,-3.08941,-2.15396,-0.75579,1.34668,4.48019,9.07960,15.70525,25.04264,37.85963,54.87443,76.44930,101.95778,128.55975,-1.28818
4.58654,-5.07521,-4.54113,-3.89857,-2.97367,-1.51809,0.84135,4.68047,10.89615,20.88754,36.83393,62.12168,101.99930,164.58251,262.39381,414.71966,651.21679,0.09861
4.59154,-4.21146,-3.72880,-3.17110,-2.38408,-1.15098,0.85205,4.12465,9.44620,18.03443,31.78803,53.65829,88.21733,142.52639,227.45940,359.71852,564.89877,-0.05949
4.59655,-2.72718,-2.36988,-2.04370,-1.67784,-1.19573,-0.50699,0.50209,1.97768,4.10491,7.10781,11.23439,16.71139,23.64027,31.78420,40.15882,46.27726,-1.41040
4.60156,-3.89478,-3.44919,-2.94939,-2.25791,-1.18264,0.56416,3.43002,8.12097,15.75492,28.10076,47.95178,79.70892,130.29081,210.55229,337.49361,537.69840,-0.19241
4.60656,-5.17826,-4.66852,-4.05434,-3.16764,-1.76869,0.50293,4.20408,10.20343,19.85810,35.28497,59.77800,98.44957,159.21589,254.30881,402.59408,633.12401,-0.04587
4.61160,-5.57425,-5.06997,-4.48682,-3.68494,-2.47823,-0.60571,2.30956,6.81704,13.71628,24.16244,39.80798,62.98828,96.95690,146.16831,216.58984,315.98970,-1.22745
4.61665,-5.65521,-5.11006,-4.46165,-3.54724,-2.13828,0.10216,3.68533,9.39617,18.44373,32.68992,54.99805,89.76388,143.72511,227.19402,355.93439,554.01857,-0.39891
4.62165,-5.68771,-5.14224,-4.50558,-3.62510,-2.29181,-0.20453,3.08398,8.24626,16.29701,28.76604,47.95479,77.31657,122.01990,189.78124,292.09511,446.04834,-0.35083
4.62665,-6.73667,-6.16080,-5.47224,-4.50813,-3.04504,-0.76287,2.80821,8.36344,16.93119,30.02576,49.86257,79.65835,124.04449,189.62601,285.72162,425.31425,-0.76825
4.63166,-7.76035,-7.11970,-6.30667,-5.11267,-3.23212,-0.20160,4.69556,12.57586,25.18121,45.22640,76.93471,126.86299,205.17187,327.57885,518.35964,814.95692,0.00694
4.63666,-6.79384,-6.20633,-5.49814,-4.50016,-2.97310,-0.56391,3.26197,9.32292,18.87595,33.85157,57.21063,93.48613,149.60611,236.14131,369.19663,573.27594,-0.48789
4.64169,-5.98023,-5.44132,-4.83058,-4.01685,-2.82847,-1.03025,1.70956,5.86359,12.10381,21.37738,35.00153,54.77650,83.10763,123.11278,178.66279,254.25056,-1.03294
4.64670,-6.77666,-6.17390,-5.43633,-4.37964,-2.73904,-0.11803,4.09120,10.82919,21.55432,38.52585,65.23658,107.07381,172.32857,273.73353,430.80514,673.40626,-0.14141
4.65171,-5.93147,-5.39381,-4.78970,-3.98992,-2.82321,-1.05142,1.66717,5.82944,12.15926,21.70700,35.98645,57.15997,88.28442,133.62805,199.06283,292.52008,-1.08631
4.65674,-5.78925,-5.24180,-4.63278,-3.83650,-2.68641,-0.95239,1.69339,5.72425,11.82501,20.98251,34.60835,54.70253,84.06644,126.57022,187.47124,273.76088,-0.88973
4.66176,-7.59830,-6.92090,-6.06825,-4.82336,-2.86342,0.30583,5.45454,13.79057,27.20990,48.68408,82.85911,136.98045,222.31979,356.37168,566.23205,893.78756,0.47273
4.66678,-7.29482,-6.67510,-5.94292,-4.93115,-3.40446,-1.01918,2.73888,8.64712,17.88365,32.23124,54.37958,88.37226,140.26589,219.09799,338.30385,517.78203,-1.02623
4.67179,-6.56842,-6.01215,-5.41373,-4.65887,-3.60423,-2.06317,0.21446,3.56673,8.44671,15.44890,25.32697,38.98635,57.41979,81.52681,111.71137,147.07222,-1.98682
4.67680,-8.22023,-7.56454,-6.77730,-5.67082,-3.97765,-1.30150,2.95943,9.72886,20.42860,37.24614,63.54087,104.46094,167.87919,265.81091,416.56034,647.96709,-1.11695
4.68180,-9.04212,-8.36178,-7.53460,-6.36127,-4.55759,-1.70323,2.83782,10.03661,21.37773,39.12669,66.72963,109.40973,175.05449,275.53036,428.62444,660.90062,-1.61978
4.68681,-8.81191,-8.15295,-7.38279,-6.32699,-4.74479,-2.28991,1.54981,7.54132,16.83676,31.16497,53.11282,86.53748,137.16914,213.48826,327.99819,499.06333,-1.85738
4.69182,-9.05104,-8.37793,-7.59640,-6.52952,-4.93317,-2.45582,1.42385,7.48954,16.92432,31.51382,53.94830,88.27117,140.54460,219.83512,339.67162,520.19845,-1.79847
4.69682,-9.37664,-8.67172,-7.83931,-6.68442,-4.93371,-2.18883,2.14636,8.97423,19.66423,36.29181,61.99323,101.49125,161.87196,253.72839,392.83841,602.61718,-2.13937
4.70184,-8.97755,-8.28064,-7.46961,-6.35602,-4.67725,-2.05193,2.09025,8.61315,18.83037,34.73833,59.36491,97.29007,155.42257,244.15573,379.08465,583.55218,-2.00643
4.70684,-8.55800,-7.91906,-7.21628,-6.30017,-4.97282,-2.95966,0.13492,4.89139,12.16711,23.22892,39.94479,65.06055,102.59839,158.42864,241.08744,362.94097,-2.55004
4.71184,-8.80251,-8.15596,-7.44069,-6.50447,-5.14736,-3.09484,0.04269,4.82608,12.06405,22.91684,39.03445,62.73683,97.24074,146.93042,217.65276,316.98368,-2.86171
4.71685,-9.25536,-8.50844,-7.60617,-6.31875,-4.31297,-1.08597,4.14002,12.58008,26.13708,47.78847,82.18398,136.56858,222.20648,356.57489,566.74080,894.55342,-1.12289
4.72188,-8.00678,-7.35644,-6.64479,-5.71673,-4.36702,-2.31006,0.86679,5.77023,13.29708,24.77177,42.14340,68.26654,107.29954,165.26438,250.82711,376.37370,-2.15262
4.72689,-7.79662,-7.19891,-6.58396,-5.83285,-4.79988,-3.29777,-1.07536,2.21092,7.03217,14.02862,24.05586,38.22981,57.95648,84.91860,120.96560,167.80968,-3.03683
4.73193,-9.32548,-8.60946,-7.77394,-6.61950,-4.86479,-2.09612,2.31267,9.32149,20.40790,37.84581,65.12906,107.61452,173.49815,275.29409,432.07453,672.85799,-1.91663
4.73693,-9.82389,-9.11124,-8.29038,-7.17240,-5.49754,-2.89304,1.19243,7.58492,17.52608,32.87922,56.43071,92.32892,146.72087,228.66970,351.46837,534.50686,-2.64211
4.74194,-9.59330,-8.92590,-8.19546,-7.24762,-5.88081,-3.81871,-0.66789,4.14220,11.44346,22.44756,38.91204,63.37175,99.45860,152.33731,229.29051,340.48816,-3.31902
4.74698,-10.32770,-9.58347,-8.71062,-7.50222,-5.66764,-2.78137,1.79775,9.04849,20.47103,38.36453,66.24703,109.49037,176.28007,279.06374,436.73572,677.92831,-2.22523
4.75200,-10.43452,-9.68856,-8.81273,-7.59834,-5.75386,-2.85478,1.73473,8.97842,20.34118,38.04635,65.45816,107.64838,172.23396,270.60951,419.75450,644.87125,-2.63190
4.75708,-9.76459,-9.07399,-8.30177,-7.27222,-5.74801,-3.39186,0.29359,6.05459,15.01756,28.88362,50.21749,82.87628,132.64521,208.17732,322.38011,494.45605,-3.15156
4.76209,-9.13432,-8.46888,-7.75543,-6.84139,-5.52935,-3.54943,-0.51613,4.13356,11.22870,21.99165,38.22171,62.55978,98.86953,152.78389,232.48671,349.82603,-3.05128
4.76711,-9.94676,-9.22855,-8.41915,-7.33422,-5.72428,-3.23548,0.65157,6.71111,16.10217,30.55789,52.66091,86.24292,136.96112,213.12449,326.86964,495.81932,-2.88828
4.77211,-10.68173,-9.91593,-9.00994,-7.74203,-5.79826,-2.71525,2.21017,10.05795,22.49192,42.07359,72.73806,120.51507,194.62038,309.10430,485.33849,755.76143,-2.42699
4.77713,-9.28599,-8.59574,-7.82919,-6.81346,-5.31491,-3.00159,0.61612,6.27353,15.08217,28.72389,49.74054,81.96605,131.17104,206.02273,319.51297,491.08030,-2.55590
4.78217,-7.97399,-7.34772,-6.70303,-5.91355,-4.82450,-3.23792,-0.89066,2.57232,7.62768,14.90310,25.19808,39.47918,58.81583,84.19409,116.09513,153.63886,-3.14009
4.78718,-8.48892,-7.77687,-6.95945,-5.83623,-4.12254,-1.39595,2.98989,10.03788,21.31068,39.24325,67.62385,112.33413,182.48757,292.17762,463.16091,728.97142,-1.67878
4.79219,-7.81750,-7.14954,-6.41053,-5.42691,-3.95955,-1.66189,1.98721,7.78517,16.95960,31.40207,54.02387,89.29760,144.08149,228.87247,359.70983,561.06493,-1.88081
4.79721,-6.88586,-6.32378,-5.78477,-5.17399,-4.38743,-3.30822,-1.80210,0.28189,3.09926,6.77485,11.32509,16.50299,21.50618,24.44646,21.41052,4.82738,-3.16944
4.80221,-8.81955,-8.12807,-7.34001,-6.26702,-4.64581,-2.09076,1.98146,8.46647,18.74592,34.95184,60.36937,100.05024,161.74719,257.33458,404.96746,632.35921,-1.82274
4.80722,-9.62098,-8.87090,-7.97707,-6.71269,-4.75118,-1.60227,3.49005,11.70446,24.88406,45.90873,79.26975,131.95555,214.81623,344.66215,547.48885,863.42757,-1.59546
4.81222,-8.42770,-7.78008,-7.09456,-6.22913,-5.00362,-3.17750,-0.41574,3.75763,10.02197,19.34337,33.08450,53.14588,82.14121,123.60241,182.19608,263.90474,-2.96496
4.81723,-9.35422,-8.66030,-7.88501,-6.85266,-5.32535,-2.96405,0.73250,6.51853,15.53604,29.51587,51.07835,84.18303,134.80121,211.91998,329.04013,506.40825,-2.48749
4.82224,-10.15131,-9.40585,-8.52848,-7.30382,-5.42688,-2.44539,2.33129,9.97148,22.13450,41.39799,71.76125,119.41911,193.95168,310.15121,490.82664,771.10624,-2.30064
4.82724,-9.86422,-9.13908,-8.30209,-7.15394,-5.41770,-2.68924,1.64068,8.50381,19.33197,36.32622,62.86600,104.13070,168.04405,266.70686,418.56971,651.72494,-2.66296
4.83224,-9.51746,-8.81997,-8.03386,-6.98099,-5.42100,-3.01214,0.74900,6.61624,15.72444,29.78273,51.36103,84.31441,134.41164,210.26371,324.69426,496.75843,-2.57473
4.83724,-9.53324,-8.81636,-7.98274,-6.82764,-5.06290,-2.26116,2.23216,9.43413,20.93289,39.21033,68.14262,113.77674,185.53538,298.08525,474.23373,749.41831,-2.04993
4.84226,-9.29655,-8.59896,-7.80278,-6.72066,-5.09694,-2.56344,1.42839,7.70807,17.53566,32.82499,56.47710,92.87829,148.64299,233.71925,363.03127,558.91529,-2.55535
4.84732,-8.87228,-8.17474,-7.37895,-6.29459,-4.65748,-2.08106,2.01977,8.54439,18.88256,35.18343,60.76739,100.75686,163.04224,259.75970,409.55150,641.02096,-1.85254
4.85233,-8.07411,-7.41667,-6.70516,-5.78468,-4.45396,-2.43664,0.66184,5.41460,12.65733,23.60476,40.01107,64.38772,100.29371,152.71148,228.51553,337.02190,-2.23637
4.85736,-8.31486,-7.64438,-6.90057,-5.91023,-4.44091,-2.16107,1.42075,7.04605,15.84020,29.51206,50.65253,83.18076,133.01079,209.04493,324.65246,499.86638,-2.25973
4.86237,-8.35346,-7.69399,-6.96493,-5.99689,-4.56329,-2.34162,1.14641,6.62363,15.18987,28.52100,49.16862,81.01218,129.94071,204.88002,319.34007,493.74457,-2.20420
4.86737,-8.11240,-7.49097,-6.83533,-6.00728,-4.83658,-3.10012,-0.49271,3.41033,9.19970,17.68840,29.97533,47.50845,72.12821,106.05068,151.71224,211.32969,-2.79248
4.87242,-8.69223,-8.04412,-7.32717,-6.37501,-4.96757,-2.79444,0.60063,5.90106,14.13700,26.86250,46.41863,76.32427,121.85637,190.90976,295.26960,452.49175,-2.50370
4.87744,-8.52403,-7.87555,-7.15923,-6.20848,-4.80395,-2.63734,0.74293,6.01071,14.17741,26.76174,46.03965,75.41279,119.95075,187.18708,288.28576,439.74670,-2.53712
4.88246,-7.58511,-6.97303,-6.33121,-5.52200,-4.37463,-2.66304,-0.07391,3.83568,9.69383,18.38572,31.14452,49.66122,76.20729,113.75158,166.02890,237.47337,-2.71155
4.88747,-7.53036,-6.90954,-6.25222,-5.41216,-4.20155,-2.36199,0.47980,4.87603,11.65121,22.03911,37.88490,61.94378,98.32248,153.13105,235.44516,358.72548,-2.41968
4.89250,-7.94087,-7.29642,-6.60232,-5.70146,-4.38897,-2.37997,0.73971,5.58481,13.07426,24.58252,42.16118,68.86341,109.21755,169.91623,260.81556,396.37840,-2.36287
4.89752,-8.70840,-8.03703,-7.29242,-6.30343,-4.84294,-2.59164,0.91680,6.37466,14.81394,27.77079,47.52290,77.43063,122.42461,189.69658,289.67004,437.34938,-2.17457
4.90253,-8.95996,-8.28078,-7.51592,-6.48431,-4.93881,-2.52244,1.29993,7.34404,16.86061,31.76898,55.01186,91.09415,146.90139,232.94203,365.23234,568.15548,-2.14646
4.90755,-8.21255,-7.56764,-6.88025,-6.00201,-4.74375,-2.84973,0.04106,4.44803,11.12180,21.14364,36.06011,58.06239,90.21972,136.77242,203.48114,298.00744,-2.76348
4.91256,-8.75600,-8.05743,-7.27284,-6.21583,-4.63397,-2.16520,1.72930,7.86453,17.47931,32.45644,55.65161,91.38429,146.16968,229.80715,356.99596,549.72886,-2.13876
4.91760,-9.02685,-8.34346,-7.58460,-6.57315,-5.07309,-2.74995,0.88968,6.58696,15.46206,29.20888,50.38506,82.84369,132.37574,207.66395,321.69791,493.86974,-2.78923
4.92260,-9.11726,-8.46993,-7.77892,-6.89507,-5.63162,-3.73900,-0.86840,3.47774,10.01254,19.75483,34.14974,55.22724,85.80524,129.73949,192.21277,280.03453,-3.63844
4.92761,-9.73647,-9.04799,-8.28315,-7.26755,-5.77035,-3.46743,0.11490,5.68160,14.28805,27.51466,47.72331,78.43371,124.87468,194.78915,299.60654,456.14442,-2.99627
4.93267,-9.63147,-8.91721,-8.11644,-7.04652,-5.46231,-3.01712,0.79732,6.73837,15.93995,30.09873,51.74623,84.64579,134.36986,209.13549,321.00872,487.63135,-2.76745
4.93770,-9.22675,-8.51902,-7.72596,-6.66223,-5.07596,-2.60597,1.28522,7.41119,17.01041,31.96911,55.15589,90.92384,145.86383,229.93237,358.13861,553.06390,-2.56602
4.94288,-8.35601,-7.71094,-7.02677,-6.15131,-4.88875,-2.96990,-0.00632,4.57578,11.63141,22.43691,38.89523,63.83742,101.46454,157.99441,242.60632,368.81813,-2.71909
4.94790,-7.68733,-7.08424,-6.47625,-5.73528,-4.70713,-3.19233,-0.91784,2.50041,7.60711,15.17299,26.28041,42.43289,65.69020,98.82550,145.49003,210.34939,-3.04591
4.95292,-8.05555,-7.40882,-6.71320,-5.80487,-4.46767,-2.39663,0.85902,5.98007,14.00261,26.50589,45.89470,75.82459,121.84207,192.34703,300.03913,464.08951,-2.46158
4.95792,-8.12317,-7.45273,-6.72164,-5.75434,-4.31498,-2.06590,1.49752,7.14434,16.05452,30.04025,51.88143,85.83451,138.40399,219.51067,344.25964,535.61320,-2.18166
4.96293,-7.88911,-7.23979,-6.56490,-5.71448,-4.49740,-2.65298,0.19283,4.58989,11.35332,21.69212,37.39461,61.09512,96.65546,149.70700,228.41498,344.54586,-2.64581
4.96793,-8.53752,-7.85231,-7.11579,-6.15796,-4.75330,-2.58325,0.82282,6.17503,14.55316,27.60151,47.82177,79.01326,126.93502,200.29972,312.26512,482.66963,-2.49162
4.97294,-9.35616,-8.60618,-7.75583,-6.59405,-4.82680,-2.02160,2.48065,9.70019,21.22394,39.52093,68.42741,113.89278,185.12649,296.35901,469.54443,738.50508,-2.10395
4.97794,-9.55948,-8.81861,-7.98922,-6.87055,-5.18907,-2.55017,1.63749,8.27460,18.73988,35.14335,60.70751,100.34058,161.49738,255.46920,399.31297,618.73050,-2.63456
4.98297,-8.91504,-8.22619,-7.48980,-6.53670,-5.14352,-2.99498,0.37572,5.67599,13.98784,26.97120,47.17360,78.50342,126.95357,201.70854,316.83937,493.89980,-2.75594
4.98798,-8.92106,-8.22110,-7.46852,-6.49249,-5.06966,-2.88924,0.50098,5.77279,13.93112,26.47976,45.66380,74.82402,118.91329,185.24611,284.58214,432.68537,-2.70315
4.99302,-10.25634,-9.46461,-8.52742,-7.19664,-5.11710,-1.75291,3.72950,12.64252,27.05911,50.25216,87.38081,146.56207,240.54364,389.31183,624.15540,993.99404,-1.86966
4.99808,-9.39728,-8.68246,-7.88876,-6.82380,-5.22676,-2.72146,1.25722,7.57389,17.55944,33.26429,57.84390,96.14584,155.60381,247.59705,389.51672,607.90387,-2.51900
5.00310,-8.43560,-7.79716,-7.14356,-6.33608,-5.20343,-3.51926,-0.96794,2.90236,8.74438,17.50101,30.52867,49.76641,77.96532,118.99420,178.23858,263.10575,-3.32870
5.00810,-9.26742,-8.55394,-7.74522,-6.64089,-4.96349,-2.30644,1.94787,8.75240,19.58483,36.73713,63.75931,106.13959,172.34671,275.42509,435.43499,683.18278,-2.32679
5.01311,-9.17091,-8.42022,-7.53409,-6.27490,-4.29912,-1.08409,4.18939,12.82067,26.87695,49.64530,86.34344,145.23708,239.39519,389.44362,627.88202,1005.84584,-1.34888
5.01811,-6.34654,-5.78688,-5.27065,-4.70334,-3.98655,-3.01396,-1.66702,0.18357,2.66432,5.86215,9.74467,14.00252,17.75347,19.00504,13.70065,-5.94376,-3.27536
5.02312,-6.43669,-5.85930,-5.31425,-4.69548,-3.88585,-2.74723,-1.10684,1.25716,4.62874,9.36202,15.87680,24.62702,36.01607,50.21181,66.78053,84.00120,-2.94783
5.02814,-9.16060,-8.40726,-7.52119,-6.26498,-4.29743,-1.10137,4.13156,12.68043,26.57572,49.03908,85.17348,143.04569,235.38311,382.23021,615.10450,983.49309,-1.39862
5.03319,-9.51574,-8.82054,-8.04697,-7.01172,-5.46935,-3.07076,0.70050,6.62156,15.86783,30.21639,52.34727,86.28893,138.07552,216.71297,335.59432,514.56519,-2.87361
5.03821,-8.78869,-8.15444,-7.50470,-6.70563,-5.59456,-3.96025,-1.51379,2.15020,7.60443,15.65561,27.43052,44.48384,68.92712,103.57009,152.05093,218.90282,-3.15182
5.04325,-9.88115,-9.18049,-8.40727,-7.38228,-5.86919,-3.53595,0.10420,5.77888,14.58285,28.16483,49.00435,80.82263,129.19194,202.43793,312.97460,479.27695,-3.10332
5.04831,-10.77695,-9.99971,-9.07614,-7.76608,-5.72937,-2.45792,2.83080,11.35667,25.02756,46.82580,81.40543,136.01456,221.91959,356.60101,567.13724,895.41519,-2.71275
5.05333,-9.05999,-8.36518,-7.61329,-6.63430,-5.20817,-3.03147,0.33269,5.52553,13.49306,25.62910,43.97832,71.52324,112.58635,173.38711,262.80364,393.39650,-2.83599
5.05849,-8.15649,-7.51095,-6.84802,-6.02780,-4.87696,-3.16556,-0.57171,3.36748,9.32443,18.27742,31.64645,51.48464,80.74668,123.66249,186.25384,277.04133,-2.81177
5.06378,-9.10803,-8.39411,-7.59474,-6.51449,-4.88771,-2.33002,1.73687,8.19789,18.41477,34.48395,59.62904,98.79776,159.57017,253.53872,398.40488,621.16218,-2.63293
5.06880,-9.19475,-8.44710,-7.58624,-6.38945,-4.54583,-1.59471,3.17063,10.84978,23.16022,42.78371,73.90026,123.01092,200.20519,321.10997,509.88446,803.81770,-1.69306
5.07381,-7.82654,-7.21064,-6.60131,-5.87047,-4.86876,-3.40747,-1.23285,2.00669,6.80266,13.84033,24.06668,38.77346,59.69325,89.09961,129.88997,185.60672,-3.11769
5.07883,-7.84975,-7.25918,-6.69447,-6.04423,-5.18539,-3.97188,-2.21900,0.31370,3.93999,9.06226,16.17918,25.87443,38.76516,55.37160,75.83943,99.39705,-3.75765
5.08394,-10.11051,-9.33818,-8.42908,-7.14816,-5.16311,-1.97879,3.16575,11.45469,24.73653,45.89489,79.41912,132.28228,215.29078,345.15567,547.66880,862.56755,-1.74943
5.08898,-10.07609,-9.28637,-8.34171,-6.99180,-4.87645,-1.45080,4.13321,13.21039,27.88731,51.48613,89.23618,149.35114,244.70557,395.44050,633.00948,1006.45579,-1.21854
5.09402,-7.38895,-6.81183,-6.27299,-5.67431,-4.91605,-3.89336,-2.49395,-0.60340,1.87473,4.97147,8.55572,12.15051,14.59729,13.45940,3.98228,-22.69183,-3.65189
5.09904,-7.48043,-6.88182,-6.29124,-5.58293,-4.60934,-3.18204,-1.04371,2.16940,6.97840,14.13202,24.70413,40.22914,62.88931,95.77214,143.22135,211.31107,-3.30105
5.10407,-7.95254,-7.29828,-6.60932,-5.72619,-4.44756,-2.49993,0.50729,5.14388,12.24553,23.03474,39.28898,63.57190,99.54619,152.38737,229.31458,340.24166,-2.78241
5.10907,-7.86871,-7.20002,-6.48863,-5.56835,-4.22513,-2.16287,1.04803,6.04441,13.77634,25.66068,43.80363,71.32240,112.80852,174.99034,267.67476,405.07503,-2.41957
5.11409,-7.34662,-6.71425,-6.06599,-5.25622,-4.10106,-2.34891,0.36538,4.58749,11.14334,21.28883,36.93703,61.00382,97.93533,154.51373,241.09073,373.47827,-2.26514
5.11911,-8.26189,-7.59163,-6.88406,-5.97928,-4.67602,-2.70255,0.32544,4.96215,12.00922,22.62029,38.43972,61.78189,95.85336,145.00942,215.01478,313.23330,-2.61998
5.12411,-9.84334,-9.08792,-8.21236,-6.98671,-5.08975,-2.04479,2.88068,10.82773,23.58041,43.92634,76.21298,127.20484,207.40393,333.08013,529.39073,835.16824,-1.91038
5.12912,-8.29551,-7.66764,-7.04033,-6.27597,-5.21101,-3.63385,-1.25261,2.34811,7.76611,15.86230,27.87229,45.55926,71.42216,108.97470,163.11343,240.59167,-3.62367
5.13414,-7.27830,-6.69574,-6.16984,-5.60724,-4.92070,-4.02980,-2.86590,-1.38995,0.36611,2.21643,3.66586,3.62952,-0.06126,-11.51430,-38.23775,-93.60972,-4.02680
5.13915,-9.49243,-8.73581,-7.87634,-6.69929,-4.90901,-2.07333,2.46315,9.70986,21.22885,39.43729,68.06967,112.88363,182.73743,291.23241,459.21473,718.58232,-1.98643
5.14420,-10.02065,-9.21562,-8.26481,-6.91966,-4.82482,-1.44606,4.04394,12.94151,27.28365,50.26847,86.90682,145.03114,236.85628,381.39003,608.15227,962.90681,-1.49364
5.14923,-8.30949,-7.62801,-6.92575,-6.05144,-4.81892,-2.98331,-0.20633,3.98923,10.27846,19.60956,33.29679,53.12869,81.48053,121.40311,176.62803,251.37148,-2.87519
5.15423,-8.25269,-7.57767,-6.87724,-5.99080,-4.71470,-2.76996,0.24715,4.93627,12.19678,23.38071,40.51896,66.65686,106.35163,166.40899,256.97339,393.13969,-2.91224
5.15924,-8.20348,-7.54016,-6.85224,-5.98437,-4.74231,-2.86521,0.01552,4.43264,11.16024,21.31938,36.52159,59.06020,92.15943,140.28574,209.51501,307.92212,-3.39803
5.16424,-8.84932,-8.12759,-7.31805,-6.21854,-4.55091,-1.90886,2.32395,9.09770,19.88419,36.96318,63.85958,106.01093,171.78573,274.03424,432.44815,677.14617,-1.94906
5.16924,-8.35163,-7.64864,-6.87946,-5.85903,-4.33745,-1.95541,1.82560,7.82787,17.31474,32.22845,55.55088,91.85061,148.11232,234.99241,368.71825,573.95818,-1.74458
5.17425,-7.73474,-7.07059,-6.38119,-5.51022,-4.25917,-2.35734,0.58374,5.13489,12.14086,22.85114,39.10660,63.60450,100.27188,154.78598,235.29021,353.36349,-2.68862
5.17925,-8.31574,-7.61379,-6.85174,-5.84422,-4.34451,-2.00098,1.71028,7.58521,16.84064,31.33739,53.91610,88.90205,142.86389,225.75107,352.59679,546.06321,-2.06381
5.18426,-8.19679,-7.51890,-6.80844,-5.90209,-4.59175,-2.59223,0.50800,5.31707,12.74077,24.12895,41.48843,67.79190,107.42527,166.83206,255.43764,386.96756,-2.70254
5.18926,-8.04664,-7.39585,-6.74119,-5.94240,-4.83244,-3.19684,-0.74427,2.93085,8.39568,16.43776,28.13530,44.93508,68.72612,101.88141,147.21205,207.72652,-3.65873
5.19426,-8.95093,-8.21293,-7.39531,-6.29660,-4.64412,-2.04384,2.09744,8.68917,19.13368,35.59459,61.40567,101.69385,164.32833,261.36450,411.23944,642.10716,-2.28627
5.19927,-9.13962,-8.37695,-7.51650,-6.33985,-4.54585,-1.69282,2.89219,10.25090,22.00349,40.66994,70.16329,116.54705,189.19732,302.58346,478.99457,752.70995,-1.73987
5.20429,-8.35720,-7.67907,-6.97239,-6.07461,-4.78080,-2.81180,0.23336,4.94457,12.19648,23.28611,40.13108,65.55441,103.69202,160.57158,244.92955,369.35432,-3.08863
5.20939,-8.23967,-7.55136,-6.82853,-5.89949,-4.54288,-2.44954,0.83555,5.99853,14.08301,26.67936,46.20937,76.35492,122.70374,193.72076,302.20891,467.50421,-2.49009
5.21440,-8.37151,-7.67355,-6.94217,-6.00604,-4.64644,-2.56174,0.68606,5.74800,13.59921,25.70088,44.23729,72.46245,115.20554,179.60506,276.17101,420.31480,-2.62548
5.21941,-8.58868,-7.89294,-7.16214,-6.22204,-4.84879,-2.73089,0.58871,5.79686,13.93429,26.58023,46.12789,76.19624,122.24470,192.48927,299.26614,461.05774,-2.98803
5.22445,-8.46431,-7.76920,-7.04672,-6.12875,-4.80276,-2.77787,0.36640,5.25355,12.81630,24.45180,42.24947,69.32578,110.31537,172.08987,264.80770,403.44355,-2.77442
5.22945,-8.66450,-7.93341,-7.14765,-6.11904,-4.59980,-2.24008,1.47767,7.33502,16.52016,30.84034,53.03944,87.27239,139.81335,220.11014,342.35167,527.79288,-2.27159
5.23448,-8.74658,-7.98571,-7.14356,-6.01023,-4.29884,-1.59181,2.74366,9.68316,20.73881,38.25477,65.85927,109.15558,176.77800,282.00284,445.20417,697.59304,-2.12987
5.23951,-8.16144,-7.43765,-6.66653,-5.66516,-4.19237,-1.90777,1.69204,7.36746,16.27529,30.17646,51.74681,85.04169,136.18969,214.42607,333.62922,514.59996,-2.26795
5.24456,-7.90246,-7.22429,-6.53027,-5.66512,-4.43420,-2.57505,0.28605,4.69520,11.45729,21.75892,37.34380,60.76174,95.72057,147.57868,224.02807,336.02988,-2.81273
5.24960,-8.03543,-7.34030,-6.60763,-5.66440,-4.28624,-2.15980,1.17488,6.40878,14.58801,27.29807,46.93820,77.13005,123.32573,193.71061,300.54137,462.12514,-2.60219
5.25462,-8.20946,-7.50908,-6.76062,-5.78300,-4.33978,-2.09817,1.43325,6.99596,15.71639,29.30669,50.36443,82.81980,132.60223,208.63144,324.28812,499.59136,-2.44601
5.25965,-8.04127,-7.36987,-6.66910,-5.77599,-4.48334,-2.50652,0.56668,5.34805,12.75310,24.15305,41.59752,68.14054,108.31684,168.83510,259.58347,395.08213,-2.47493
5.26465,-7.88089,-7.20608,-6.49038,-5.56465,-4.20860,-2.11378,1.17357,6.33619,14.40921,26.96382,46.38144,76.26320,122.04119,191.88869,298.07437,458.97295,-2.00865
5.26966,-7.85206,-7.16402,-6.40839,-5.39564,-3.86989,-1.46082,2.39094,8.54586,18.33507,33.81829,58.17759,96.31801,155.78375,248.15277,391.15855,611.91364,-1.71386
5.27466,-6.89700,-6.28413,-5.66638,-4.90491,-3.83161,-2.22593,0.21870,3.93919,9.56164,17.97917,30.45325,48.74181,75.25310,113.21505,166.83106,241.35688,-2.49454
5.27967,-5.97058,-5.41307,-4.89283,-4.30204,-3.52308,-2.41621,-0.80312,1.55144,4.95934,9.82825,16.67589,26.12996,38.89506,55.65256,76.83208,102.14821,-2.60882
5.28468,-6.18652,-5.59554,-5.00936,-4.29664,-3.29962,-1.81164,0.45555,3.91612,9.17067,17.08978,28.92909,46.48648,72.31398,109.99749,164.51657,242.68974,-2.24260
5.28968,-7.18943,-6.51882,-5.78783,-4.81262,-3.34689,-1.03578,2.65500,8.54503,17.89839,32.66483,55.84570,92.04906,148.33077,235.46614,369.86964,576.48751,-1.54792
5.29470,-7.67380,-7.02141,-6.32579,-5.41948,-4.08587,-2.02183,1.21873,6.30690,14.25967,26.61964,45.72311,75.10010,120.07100,188.63444,292.78698,450.48127,-2.11496
5.29971,-8.11875,-7.49119,-6.85023,-6.05298,-4.92913,-3.25767,-0.73499,3.06622,8.75010,17.16603,29.49488,47.35308,72.90934,108.99705,159.18438,227.72383,-3.20827
5.30482,-8.76456,-8.07942,-7.34769,-6.39679,-5.00773,-2.87977,0.42122,5.53555,13.41344,25.46408,43.76990,71.39370,112.81661,174.55765,266.04316,400.81466,-2.91823
5.30985,-9.34617,-8.59605,-7.75009,-6.59521,-4.84265,-2.07366,2.34352,9.37757,20.52088,38.07244,65.56741,108.42930,174.95965,277.83676,436.38397,679.99775,-2.21123
5.31487,-8.28983,-7.60134,-6.87852,-5.95698,-4.63178,-2.62731,0.44614,5.15136,12.30473,23.08613,39.18783,63.01234,97.92885,148.59210,221.31536,324.46079,-2.88052
5.31992,-8.28019,-7.57105,-6.79557,-5.76114,-4.21192,-1.78141,2.07955,8.20992,17.89925,33.13090,56.95107,94.02899,151.50681,240.28724,376.98299,586.86518,-1.82725
5.32494,-7.98565,-7.29727,-6.54557,-5.53912,-4.02225,-1.62595,2.20722,8.33553,18.08817,33.52468,57.83165,95.92943,155.39996,247.90333,391.33928,613.14216,-1.89388
5.32995,-6.37122,-5.77168,-5.19130,-4.50048,-3.54758,-2.13774,-0.00274,3.23892,8.13531,15.47294,26.37301,42.41827,65.81590,99.59769,147.85047,215.95051,-2.64315
5.33496,-6.30555,-5.68351,-5.06414,-4.30342,-3.22332,-1.58288,0.96559,4.93928,11.11630,20.67063,35.37230,57.88504,92.20859,144.33502,223.22170,342.23139,-2.14207
5.34000,-7.12646,-6.43848,-5.70341,-4.73726,-3.29520,-1.02504,2.60504,8.41511,17.67871,32.37599,55.58271,92.06858,149.21751,238.44133,377.35081,593.08743,-1.66851
5.34501,-8.24139,-7.51662,-6.72259,-5.66129,-4.06886,-1.56689,2.41182,8.73310,18.72603,34.43058,58.97173,97.12377,156.16105,247.13712,386.80537,600.49685,-2.11436
5.35003,-9.08718,-8.36658,-7.57778,-6.52611,-4.95382,-2.49256,1.40914,7.59347,17.35541,32.68836,56.65817,93.97292,151.85126,241.34407,379.34600,591.65498,-2.34790
5.35504,-9.00799,-8.32968,-7.62828,-6.74547,-5.48847,-3.60223,-0.72974,3.64128,10.25078,20.16543,34.91331,56.66507,88.47280,134.57594,200.77758,294.87808,-3.24390
5.36005,-9.38740,-8.67320,-7.89956,-6.87760,-5.36176,-3.00670,0.69732,6.51869,15.62339,29.78180,51.67767,85.36957,136.97994,215.72158,335.42489,516.80641,-2.84669
5.36507,-8.52468,-7.81713,-7.05028,-6.03045,-4.50096,-2.09332,1.74745,7.87470,17.60944,32.99900,57.21335,95.15300,154.38148,246.55412,389.60664,611.10569,-2.31514
5.37010,-6.15167,-5.55968,-5.01837,-4.41761,-3.64478,-2.57638,-1.06988,1.03881,3.92628,7.74994,12.57353,18.21371,23.94451,27.95069,26.34471,11.43522,-2.97177
5.37513,-6.54802,-5.90191,-5.24663,-4.42006,-3.21801,-1.35744,1.57903,6.22427,13.54742,25.03593,42.97128,70.84738,114.00553,180.59723,283.04349,440.24515,-1.93175
5.38013,-7.22268,-6.54090,-5.81590,-4.85996,-3.42488,-1.15375,2.49312,8.34912,17.70966,32.58918,56.11520,93.13234,151.12762,241.64565,382.45078,600.82654,-1.75714
5.38514,-6.59684,-5.97925,-5.38488,-4.68355,-3.72790,-2.33612,-0.26953,2.79276,7.28048,13.75650,22.92940,35.63492,52.74829,74.95684,102.26535,133.00871,-2.58948
5.39017,-7.03037,-6.36176,-5.66725,-4.77342,-3.45746,-1.40547,1.85060,7.02623,15.22476,28.15093,48.43705,80.14199,129.51457,206.16060,324.82632,508.12244,-1.83870
5.39519,-6.97038,-6.31850,-5.66497,-4.85666,-3.70935,-1.97958,0.67522,4.75032,10.96712,20.37410,34.48554,55.46938,86.39720,131.56754,196.90811,290.44669,-2.49427
5.40020,-7.34496,-6.69567,-6.04191,-5.22960,-4.07228,-2.32177,0.37369,4.52682,10.89135,20.57492,35.19840,57.11970,89.74543,137.95941,208.70326,311.74755,-2.50785
5.40521,-7.63906,-6.97199,-6.27873,-5.38805,-4.08306,-2.06241,1.11736,6.12551,13.98065,26.23553,45.25438,74.62992,119.81003,189.03829,294.76436,455.75675,-2.18483
5.41021,-7.04530,-6.40864,-5.77681,-5.00158,-3.90681,-2.26150,0.25766,4.11644,9.99128,18.86263,32.14243,51.84588,80.81830,123.02563,183.91075,270.80110,-2.63990
5.41525,-7.23252,-6.56724,-5.87234,-4.97112,-3.63660,-1.54891,1.76831,7.04129,15.38566,28.51661,49.06704,81.06900,130.68214,207.29339,325.17544,505.98396,-1.92940
5.42028,-6.40732,-5.79029,-5.18506,-4.44834,-3.40888,-1.83961,0.58247,4.33200,10.11477,18.98278,32.50176,52.99543,83.90109,130.28559,199.59193,302.71556,-2.10405
5.42529,-5.60722,-5.05124,-4.56582,-4.05523,-3.43006,-2.60281,-1.48608,0.00039,1.90703,4.20339,6.67698,8.74378,9.10574,5.14599,-8.12035,-39.84170,-3.04723
5.43032,-7.12496,-6.46977,-5.79510,-4.93705,-3.69075,-1.77536,1.21726,5.89560,13.17439,24.42976,41.72750,68.15865,108.33208,169.09453,260.58035,397.73556,-2.18353
5.43533,-8.31331,-7.59667,-6.80649,-5.73970,-4.12520,-1.57156,2.51215,9.03449,19.39980,35.77897,61.52215,101.78754,164.49929,261.80374,412.28175,644.30544,-1.84817
5.44035,-8.48102,-7.78662,-7.04431,-6.07560,-4.65307,-2.46174,0.95721,6.28658,14.54883,27.27444,46.74760,76.36397,121.14964,188.50992,289.30404,439.37731,-2.70022
5.44536,-9.25229,-8.51291,-7.69069,-6.57779,-4.89695,-2.24903,1.96599,8.66632,19.26443,35.93355,62.01179,102.61542,165.56866,262.81133,412.52790,642.36402,-2.25817
5.45036,-9.28748,-8.54254,-7.71956,-6.60924,-4.93291,-2.28950,1.92447,8.63373,19.26291,36.00717,62.24310,103.15291,166.67171,264.92272,416.38965,649.20051,-2.45127
5.45536,-8.46081,-7.76163,-7.03382,-6.10381,-4.75469,-2.69006,0.51847,5.50538,13.21773,25.06964,43.16719,70.63556,112.09331,174.33666,267.32236,405.57139,-2.85627
5.46036,-8.24332,-7.52728,-6.77055,-5.78828,-4.34263,-2.10022,1.43148,6.99691,15.72981,29.35868,50.51535,83.19851,133.46992,210.49814,328.12210,507.18985,-2.14181
5.46537,-8.45681,-7.70320,-6.86958,-5.74202,-4.03036,-1.31125,3.05941,10.07840,21.29588,39.12237,67.29947,111.62123,181.03914,289.35133,457.78259,718.91991,-1.82620
5.47038,-7.76497,-7.04553,-6.27297,-5.25551,-3.74006,-1.36558,2.40768,8.40269,17.88162,32.78016,56.06047,92.24226,148.20073,234.36211,366.49130,568.35766,-1.86769
5.47539,-6.79830,-6.14324,-5.49052,-4.68991,-3.55793,-1.84888,0.78795,4.86856,11.16037,20.80699,35.50997,57.79342,91.38887,141.79270,217.07098,329.01693,-2.16203
5.48040,-6.80485,-6.16549,-5.54140,-4.79332,-3.75872,-2.22952,0.07851,3.56510,8.79602,16.56798,27.98980,44.57936,68.36983,102.00625,148.79079,212.59236,-2.88869
5.48544,-7.69839,-6.97458,-6.18677,-5.13140,-3.53427,-0.99599,3.09208,9.67476,20.22714,37.05291,63.74434,105.89156,172.17559,276.05043,438.32972,691.16058,-1.78615
5.49055,-7.78624,-7.07971,-6.32266,-5.32669,-3.84276,-1.51442,2.19362,8.10207,17.47780,32.27807,55.52307,91.86409,148.45033,236.24904,372.05503,581.54703,-1.83592
5.49558,-7.78341,-7.11585,-6.42896,-5.56114,-4.31145,-2.40728,0.54258,5.11357,12.15822,22.93873,39.31644,64.02115,101.03177,156.10811,237.52612,357.07920,-2.68543
5.50058,-7.89088,-7.19518,-6.44937,-5.46241,-3.98338,-1.65345,2.06676,8.00509,17.44038,32.34918,55.78180,92.43532,149.52653,238.11963,375.14376,586.45547,-1.97696
5.50558,-6.92752,-6.29772,-5.67586,-4.91720,-3.84919,-2.24461,0.21671,4.00046,9.79134,18.59743,31.89891,51.85995,81.62917,125.76266,190.81547,286.16091,-2.54285
5.51060,-6.39581,-5.80009,-5.24700,-4.62088,-3.80052,-2.64863,-1.00095,1.34034,4.60326,9.02237,14.77536,21.84442,29.73972,36.97570,40.11328,32.05048,-3.01087
5.51560,-7.30598,-6.60891,-5.85615,-4.84914,-3.32264,-0.89174,3.03000,9.35389,19.50483,35.71173,61.45615,102.16545,166.28327,266.92054,424.40020,670.17571,-1.48376
5.52061,-6.63481,-6.01720,-5.41599,-4.69274,-3.68710,-2.19393,0.06821,3.49800,8.66498,16.38058,27.79116,44.49723,68.70021,103.37191,152.42846,220.86445,-2.72934
5.52564,-6.39111,-5.80849,-5.28048,-4.69782,-3.95208,-2.92787,-1.49648,0.48337,3.15096,6.60309,10.80598,15.42087,19.47646,20.77418,14.83380,-6.94249,-3.33288
5.53067,-7.76997,-7.05935,-6.29018,-5.25747,-3.68899,-1.19065,2.83696,9.32378,19.72094,36.29357,62.57169,104.04483,169.23157,271.32392,430.71351,678.86868,-1.63590
5.53568,-7.22568,-6.57686,-5.93639,-5.15377,-4.05183,-2.40042,0.12033,3.96831,9.80410,18.57779,31.64519,50.91983,79.06596,119.73118,177.80456,259.65805,-2.88970
5.54071,-7.30916,-6.68821,-6.10420,-5.43172,-4.53481,-3.25171,-1.37542,1.36748,5.33890,11.00962,18.97223,29.93363,44.66277,63.84830,87.78599,115.75603,-3.23108
5.54572,-8.94611,-8.21349,-7.41320,-6.33951,-4.71969,-2.16145,1.92644,8.45230,18.81950,35.19675,60.93001,101.16999,163.82795,261.02882,411.31891,643.01579,-1.97620
5.55073,-9.04084,-8.28583,-7.44734,-6.30600,-4.56660,-1.79979,2.64642,9.77901,21.16024,39.21272,67.68496,112.36154,182.14507,290.70097,458.95423,718.87265,-1.96178
5.55577,-7.70433,-7.04254,-6.38836,-5.59202,-4.47785,-2.81845,-0.29879,3.53124,9.32062,18.00437,30.92220,49.97879,77.85672,118.29255,176.42382,259.20416,-2.84028
5.56078,-7.16841,-6.52199,-5.90001,-5.15911,-4.13581,-2.62262,-0.33537,3.12915,8.34974,16.15738,27.73917,44.77829,69.63964,105.61053,157.20338,230.51958,-2.83198
5.56578,-7.29867,-6.62910,-5.96466,-5.14516,-3.98009,-2.21879,0.49130,4.66035,11.03196,20.68710,35.18587,56.75798,88.55282,134.95598,201.96979,297.63104,-2.79140
5.57078,-8.06858,-7.36612,-6.63145,-5.67716,-4.26335,-2.05297,1.45492,7.02272,15.81972,29.64074,51.23645,84.81272,136.78497,216.91554,340.02705,528.57947,-2.33713
5.57579,-7.47943,-6.82522,-6.19134,-5.43278,-4.38226,-2.82655,-0.47369,3.08956,8.45364,16.46048,28.30168,45.64565,70.79713,106.88723,158.08119,229.76846,-2.83378
5.58079,-7.52688,-6.83908,-6.14914,-5.29066,-4.06161,-2.19142,0.70635,5.19953,12.12958,22.74323,38.88054,63.24253,99.76951,154.17027,234.65397,352.92739,-2.65042
5.58583,-8.32411,-7.57862,-6.77239,-5.69123,-4.04923,-1.43064,2.79940,9.62981,20.61035,38.17109,66.11744,110.39759,180.29188,290.25392,462.75908,732.70807,-1.94210
5.59083,-7.47071,-6.82220,-6.20460,-5.48158,-4.50118,-3.07658,-0.96066,2.18440,6.82366,13.59240,23.34407,37.19728,56.56790,83.15680,118.83785,165.34335,-3.22476
5.59584,-7.58164,-6.92629,-6.29174,-5.53389,-4.48625,-2.93559,-0.58782,2.97728,8.36774,16.46459,28.54046,46.42395,72.72571,111.14581,166.88565,247.18963,-3.19902
5.60085,-8.84317,-8.08989,-7.26406,-6.14949,-4.45710,-1.76768,2.55525,9.49599,20.58473,38.20047,66.03521,109.80555,178.34273,285.25951,451.49694,709.21084,-2.02959
5.60586,-8.59709,-7.85937,-7.06198,-5.99929,-4.40008,-1.87540,2.16022,8.60552,18.84796,35.02956,60.45062,100.18276,161.99889,257.78069,405.64586,633.15736,-2.06513
5.61087,-7.11702,-6.46801,-5.83296,-5.06222,-3.97748,-2.34227,0.18086,4.09061,10.13408,19.43520,33.68577,55.43063,88.49425,138.61899,214.42103,328.82315,-2.73841
5.61587,-6.84667,-6.19759,-5.56290,-4.79296,-3.71021,-2.08067,0.42678,4.29648,10.24508,19.33495,33.13783,53.97059,85.23444,131.89993,201.19734,303.59303,-2.70366
5.62089,-7.53329,-6.82489,-6.07689,-5.09601,-3.62934,-1.31488,2.39340,8.33750,17.82461,32.88564,56.67136,94.05949,152.58497,243.86273,385.76247,605.72864,-1.93484
5.62596,-7.29458,-6.60507,-5.89383,-4.98278,-3.64474,-1.56081,1.74358,6.99297,15.30325,28.39622,48.92656,80.98100,130.84027,208.14092,327.64660,511.94626,-2.23201
5.63097,-7.16123,-6.49805,-5.84598,-5.05544,-3.95134,-2.30760,0.18779,3.97817,9.69798,18.25163,30.91634,49.47252,76.36124,114.85935,169.24467,244.88820,-2.89661
5.63597,-8.71416,-7.94632,-7.09071,-5.91898,-4.11977,-1.23455,3.44129,11.00856,23.19489,42.71126,73.80427,123.11143,200.98522,323.53933,515.80879,816.62530,-1.63836
5.64099,-8.45015,-7.70839,-6.90327,-5.82666,-4.20322,-1.63679,2.47073,9.04010,19.49725,36.05114,62.11843,102.97242,166.73448,265.88613,419.57374,657.11757,-2.17458
5.64599,-7.39468,-6.74114,-6.10465,-5.34073,-4.28486,-2.72982,-0.39580,3.10670,8.32315,16.01266,27.21751,43.34131,66.22576,98.20110,142.05997,200.85752,-3.35139
5.65101,-8.18592,-7.49358,-6.77076,-5.83761,-4.46763,-2.34695,0.98524,6.22245,14.41688,27.16679,46.89647,77.27491,123.84167,194.94066,303.11216,467.16455,-2.58388
5.65601,-8.34105,-7.62099,-6.83940,-5.79277,-4.21197,-1.70966,2.29910,8.71508,18.93333,35.11475,60.60057,100.54510,162.88082,259.78799,409.93019,641.85071,-2.12633
5.66101,-7.30926,-6.62601,-5.91498,-4.99878,-3.65166,-1.55879,1.74410,6.95789,15.14837,27.93654,47.78209,78.40502,125.41171,197.22090,306.42933,471.81805,-2.09824
5.66602,-6.80646,-6.13174,-5.43405,-4.53687,-3.21317,-1.14231,2.15512,7.41379,15.76884,28.97666,49.75206,82.28354,133.02067,211.87574,334.05635,522.85796,-1.64157
5.67103,-5.89365,-5.27191,-4.68190,-3.98727,-3.03156,-1.61559,0.53368,3.80348,8.74797,16.15761,27.14909,43.27860,66.67692,100.19607,147.53924,213.31148,-2.39782
5.67603,-5.86793,-5.23738,-4.63087,-3.90097,-2.87247,-1.31264,1.11184,4.89502,10.77833,19.87708,33.86646,55.25535,87.78861,137.03608,211.25270,322.62934,-2.01644
5.68103,-5.69824,-5.07850,-4.50168,-3.83498,-2.92872,-1.59432,0.42622,3.50014,8.15745,15.16387,25.62066,41.10019,63.82744,96.91768,144.67907,212.98149,-2.17998
5.68604,-6.04586,-5.41940,-4.84218,-4.18671,-3.31519,-2.06307,-0.21853,2.49952,6.46379,12.15747,20.18108,31.22934,46.00347,64.99509,88.02748,113.35302,-2.66814
5.69104,-7.52472,-6.77816,-5.97590,-4.90413,-3.27637,-0.67451,3.54200,10.37358,21.39170,39.06516,67.26597,112.05351,182.88905,294.51432,469.85412,744.49668,-1.26897
5.69607,-7.18028,-6.47451,-5.76760,-4.89001,-3.63474,-1.72299,1.24539,5.86116,13.00432,23.98605,40.75379,66.18654,104.51835,161.94060,247.45226,374.04814,-1.99765
5.70111,-7.43147,-6.74568,-6.08215,-5.29049,-4.19900,-2.59120,-0.17460,3.45795,8.87628,16.87173,28.52664,45.28877,69.03649,102.10170,147.18538,207.04151,-3.06322
5.70613,-8.86743,-8.08369,-7.22975,-6.08013,-4.33494,-1.55983,2.90516,10.08210,21.56261,39.82572,68.72628,114.24556,185.64421,297.23040,471.06955,741.13224,-1.87862
5.71113,-8.77420,-8.03719,-7.27178,-6.28866,-4.85175,-2.63710,0.82664,6.24225,14.66539,27.68193,47.66769,78.16865,124.45577,194.33062,299.29038,456.20325,-2.70913
5.71616,-8.44630,-7.76306,-7.09098,-6.27304,-5.12783,-3.42215,-0.83431,3.09341,9.01800,17.88041,31.01880,50.31707,78.39477,118.83918,176.47038,257.60731,-3.49585
5.72117,-8.28201,-7.56053,-6.81413,-5.85223,-4.43567,-2.23202,1.24958,6.75276,15.41339,28.96866,50.07199,82.76761,133.20599,210.71999,329.44291,510.73775,-2.35748
5.72618,-7.26847,-6.58012,-5.89861,-5.05535,-3.84912,-2.01180,0.83944,5.26781,12.10931,22.60458,38.58752,62.75399,99.04196,153.16355,233.34072,351.30734,-2.48801
5.73118,-6.47090,-5.82482,-5.22144,-4.52000,-3.56556,-2.16688,-0.06790,3.08699,7.79609,14.75380,24.91505,39.56785,60.40448,89.56844,129.63045,183.40289,-2.57839
5.73619,-6.80097,-6.11873,-5.43760,-4.58447,-3.34593,-1.42856,1.59941,6.39258,13.95370,25.82215,44.35938,73.18148,117.81525,186.69147,292.64820,455.20357,-1.92289
5.74119,-7.18599,-6.50799,-5.82796,-4.97673,-3.74901,-1.86798,1.06474,5.63834,12.73102,23.65047,40.33529,65.64218,103.75203,160.73712,245.34261,370.04377,-2.40253
5.74620,-7.37897,-6.68940,-5.98452,-5.08376,-3.76150,-1.70443,1.55054,6.70629,14.83881,27.59757,47.50776,78.42694,126.23447,199.87084,312.90280,485.87738,-2.24549
5.75121,-6.85010,-6.19009,-5.54181,-4.74534,-3.61021,-1.88219,0.80354,4.98792,11.48206,21.50471,36.88479,60.35959,96.01408,149.92584,231.11032,352.90249,-2.35822
5.75623,-6.16006,-5.56001,-5.02318,-4.43388,-3.67766,-2.63089,-1.15156,0.92391,3.77176,7.54908,12.31879,17.89449,23.54130,27.42157,25.59720,10.27073,-3.01915
5.76125,-6.66175,-6.00150,-5.34457,-4.52591,-3.34409,-1.52475,1.33215,5.82745,12.87258,23.85233,40.86762,67.09766,107.34001,168.81379,262.35244,404.17100,-1.97470
5.76627,-6.58744,-5.91969,-5.24455,-4.38834,-3.13453,-1.18235,1.91389,6.83304,14.61865,26.87756,46.08148,76.02520,122.52323,194.46691,305.42820,476.09006,-1.62773
5.77128,-6.18666,-5.57541,-5.00642,-4.34631,-3.45127,-2.14708,-0.20467,2.68742,6.95455,13.17007,22.08787,34.66222,52.03178,75.42255,105.88638,143.72387,-2.55210
5.77629,-6.97799,-6.33968,-5.71059,-4.93011,-3.80807,-2.09029,0.58936,4.77555,11.28750,21.35966,36.84953,60.54494,96.61823,151.29552,233.84178,358.00663,-2.47899
5.78132,-7.03626,-6.38486,-5.73859,-4.93236,-3.76867,-1.98191,0.81170,5.18404,11.99570,22.54340,38.77689,63.61855,101.43317,158.71602,245.09761,374.80498,-2.47100
5.78640,-6.26852,-5.63380,-5.03346,-4.32494,-3.34886,-1.90520,0.27757,3.58106,8.54596,15.93448,26.80856,42.62289,65.32644,97.45333,142.16176,203.13660,-2.61502
5.79142,-6.67769,-5.99868,-5.31144,-4.43996,-3.16465,-1.18060,1.96356,6.95430,14.84485,27.25334,46.66223,76.87136,123.68280,195.93405,307.05510,477.41070,-1.94633
5.79643,-6.67071,-5.99808,-5.32778,-4.49269,-3.28914,-1.44050,1.45500,5.99786,13.09386,24.11027,41.10590,67.16962,106.91703,167.21577,258.24010,394.99611,-2.05022
5.80143,-6.64740,-5.97553,-5.31619,-4.50854,-3.36142,-1.62112,1.07360,5.25313,11.70349,21.58931,36.62926,59.34511,93.41244,144.14873,219.18364,329.36320,-2.12380
5.80643,-7.74535,-7.01171,-6.23742,-5.21944,-3.69425,-1.28540,2.57493,8.76237,18.63635,34.30874,59.05553,97.94782,158.81859,253.74164,401.29249,630.00056,-1.89670
5.81144,-8.36527,-7.62025,-6.83012,-5.79086,-4.23900,-1.80112,2.08087,8.25921,18.04335,33.44514,57.54872,95.06800,153.18571,242.81241,380.47165,591.11489,-2.02975
5.81646,-8.64774,-7.90989,-7.12553,-6.09185,-4.54791,-2.12506,1.72638,7.84381,17.51093,32.69557,56.40770,93.23788,150.16625,237.77423,372.05612,577.12052,-2.46205
5.82148,-8.22236,-7.51026,-6.76369,-5.79224,-4.35375,-2.10886,1.44582,7.07471,15.94708,29.85270,51.52658,85.13806,137.02700,216.80965,339.03777,525.68389,-2.40312
5.82648,-7.16195,-6.49096,-5.81690,-4.97589,-3.76868,-1.92672,0.93635,5.39223,12.29439,22.91752,39.16009,63.83788,101.10779,157.07611,240.66610,364.84623,-2.26706
5.83150,-6.52145,-5.86135,-5.19552,-4.35633,-3.13633,-1.24999,1.72197,6.41277,13.78773,25.32087,43.26014,71.02624,113.81208,179.48210,279.92001,433.04557,-1.95244
5.83656,-5.81115,-5.19418,-4.60498,-3.90159,-2.92089,-1.45213,0.79934,4.26054,9.55790,17.61134,29.76727,47.98583,75.10291,115.19257,174.06240,259.91967,-2.31373
5.84159,-5.89692,-5.28340,-4.70205,-4.01352,-3.05973,-1.63867,0.52977,3.84879,8.90619,16.55973,28.05648,45.19874,70.57285,107.86012,162.25261,240.99630,-2.37598
5.84660,-6.53652,-5.90032,-5.27872,-4.51907,-3.44135,-1.80769,0.72027,4.63998,10.69078,19.97292,34.11987,55.54724,87.81157,136.12443,208.08500,314.71713,-2.27609
5.85166,-6.92105,-6.25576,-5.58770,-4.74900,-3.53383,-1.66179,1.27520,5.88803,13.09939,24.30362,41.60262,68.15304,108.67628,170.20344,263.15876,402.92597,-2.22169
5.85667,-6.84272,-6.15788,-5.45738,-4.55830,-3.22876,-1.14272,2.18731,7.50930,15.98037,29.39267,50.51816,83.63531,135.33319,215.73705,340.37497,533.01669,-1.54276
5.86168,-5.73845,-5.10369,-4.49891,-3.77150,-2.74211,-1.17237,1.28125,5.13233,11.15880,20.54249,35.07774,57.48342,91.86984,144.43629,224.51192,346.10662,-1.72811
5.86670,-4.76581,-4.17926,-3.66456,-3.09958,-2.35837,-1.29352,0.28548,2.63646,6.11236,11.19215,18.51248,28.89264,43.33658,62.97965,88.91909,121.81767,-2.20820
5.87172,-4.77561,-4.17177,-3.62086,-2.98570,-2.11310,-0.80790,1.20271,4.31682,9.12425,16.50126,27.74667,44.77747,70.40869,108.75090,165.77049,250.07170,-1.70477
5.87680,-5.15953,-4.55341,-4.00117,-3.36970,-2.51267,-1.24738,0.67632,3.61619,8.09149,14.85700,25.00509,40.10554,62.39461,95.02528,142.38975,210.51866,-1.97497
5.88181,-6.35246,-5.69901,-5.06089,-4.28000,-3.16887,-1.47866,1.14571,5.22690,11.54144,21.24279,36.03728,58.43453,92.10118,142.35464,216.84370,326.47046,-1.98042
5.88681,-7.42190,-6.69811,-5.92368,-4.88785,-3.31255,-0.79450,3.28239,9.87842,20.49889,37.50357,64.58497,107.50762,175.24985,281.76428,448.68959,709.52252,-1.17109
5.89182,-6.49585,-5.83870,-5.19674,-4.41152,-3.29635,-1.60465,1.01407,5.07406,11.33715,20.93199,35.52409,57.55734,90.59453,139.79170,212.55063,319.40085,-2.12624
5.89683,-6.08190,-5.44277,-4.83626,-4.11538,-3.11305,-1.61514,0.67583,4.18817,9.54530,17.65401,29.82589,47.94262,74.67703,113.78127,170.44940,251.74903,-2.14421
5.90183,-6.38868,-5.71801,-5.04553,-4.19558,-2.94970,-1.00405,2.09333,7.03395,14.88590,27.30169,46.83544,77.42747,125.14446,199.30859,314.21900,491.77363,0.00000
5.90684,-5.93782,-5.31614,-4.73638,-4.05950,-3.13032,-1.75353,0.33828,3.52528,8.35386,15.60771,26.40173,42.30331,65.48306,98.89025,146.43460,213.12782,-2.24495
5.91194,-5.95356,-5.32497,-4.73325,-4.03350,-3.06112,-1.60443,0.63237,4.07845,9.36416,17.41614,29.59112,47.86350,75.08564,115.34381,174.43649,260.50193,-2.19359
5.91696,-6.31929,-5.64471,-4.97089,-4.12175,-2.87944,-0.94213,2.13759,7.04201,14.82135,27.09443,46.35303,76.42387,123.16928,195.54804,307.21937,478.96433,-1.58045
5.92200,-6.25676,-5.59313,-4.94974,-4.16633,-3.05435,-1.36494,1.25553,5.32567,11.61298,21.25229,35.91286,58.03261,91.14226,140.30584,212.70632,318.39993,0.00000
5.92701,-6.42409,-5.76050,-5.12584,-4.36641,-3.30577,-1.71638,0.71874,4.45644,10.16165,18.80076,31.76935,51.06447,79.51220,121.05861,181.12463,267.00639,-2.38105
5.93201,-6.70221,-6.03454,-5.39479,-4.62968,-3.56383,-1.97214,0.45726,4.17118,9.81561,18.32259,31.02682,49.81972,77.34696,117.25044,174.44398,255.38623,0.00000
5.93702,-7.49484,-6.79032,-6.07605,-5.16884,-3.84195,-1.78242,1.47061,6.61426,14.71221,27.38904,47.12183,77.67758,124.76895,197.03478,307.50380,475.77497,-2.16335
5.94203,-7.34796,-6.65354,-5.96012,-5.09231,-3.83740,-1.90652,1.12076,5.87460,13.30886,24.86931,42.74398,70.23544,112.31425,176.43944,273.77262,420.97030,-2.39430
5.94706,-7.00149,-6.33335,-5.68831,-4.90833,-3.81164,-2.16242,0.37001,4.26528,10.22640,19.28371,32.94068,53.37715,83.72965,128.47228,193.92430,288.90937,0.00000
5.95208,-7.46857,-6.77433,-6.06586,-5.15702,-3.81702,-1.72547,1.59213,6.85750,15.17746,28.25143,48.68473,80.46246,129.66563,205.55157,322.18212,500.87375,-2.27737
5.95709,-7.28472,-6.59011,-5.87587,-4.94991,-3.57026,-1.39612,2.08376,7.65615,16.54145,30.63479,52.87541,87.81296,142.47572,227.69976,360.16241,565.49037,0.00000
5.96216,-6.24378,-5.61588,-5.03170,-4.34904,-3.41299,-2.03219,0.05096,3.19626,7.91041,14.90289,25.15348,39.98899,61.15905,90.88671,131.84400,186.95452,-2.36047
5.96719,-5.73404,-5.11984,-4.55678,-3.90647,-3.01869,-1.70700,0.28229,3.30921,7.89136,14.77259,25.01501,40.12072,62.18866,94.10932,139.79225,204.40519,0.00000
5.97219,-5.54260,-4.91077,-4.30901,-3.58134,-2.54587,-0.96049,1.52434,5.43121,11.55061,21.08032,35.83201,58.53720,93.29985,146.26338,226.59048,347.89724,0.00000
