eps, k, i0 , i1
0.100, 0.35, 4872, 3749
3.00202, -1.31516
3.00702, -1.63882
3.01203, -1.70575
3.01705, -1.12643
3.02208, -1.04264
3.02709, -1.85557
3.03212, -1.52757
3.03713, -0.77142
3.04216, -0.85346
3.04720, -0.73302
3.05221, -1.05842
3.05722, -1.54415
3.06224, -1.39621
3.06724, -1.10968
3.07224, -1.37167
3.07725, -1.07096
3.08225, -1.38041
3.08726, -1.72445
3.09228, -1.54361
3.09728, -1.15962
3.10229, -0.58063
3.10729, -1.04863
3.11229, -1.19789
3.11730, 0.14746
3.12233, 0.59275
3.12740, -0.29980
3.13249, -0.93413
3.13751, -0.88332
3.14254, -0.97425
3.14760, -1.09039
3.15267, -1.13875
3.15770, -0.96665
3.16271, -0.50699
3.16772, -0.52202
3.17272, -0.90968
3.17773, -0.95804
3.18276, -0.21369
3.18778, 0.55042
3.19282, 0.27050
3.19786, -0.51221
3.20287, -0.08203
3.20787, -0.16399
3.21288, -0.83310
3.21793, -1.56150
3.22297, 0.02758
3.22798, 0.97930
3.23298, 0.77510
3.23799, -0.40322
3.24304, -0.68751
3.24813, -0.04200
3.25317, 0.45086
3.25819, 0.17360
3.26321, 0.29254
3.26822, 0.28880
3.27323, -0.10066
3.27829, -0.16547
3.28338, 0.67215
3.28843, 0.86232
3.29346, 0.74439
3.29855, 0.42955
3.30363, -0.40867
3.30864, -0.57063
3.31371, 0.52615
3.31877, 1.65037
3.32378, 0.44831
3.32880, -0.09897
3.33381, 0.67996
3.33894, 0.75427
3.34406, 0.21941
3.34910, 0.09689
3.35411, 0.08875
3.35912, 0.52180
3.36412, 1.08316
3.36913, 1.12955
3.37420, 0.48451
3.37933, 0.58581
3.38435, 0.88163
3.38935, 1.21756
3.39435, 1.37421
3.39935, 0.44765
3.40436, 1.03288
3.40937, 0.93418
3.41438, 1.15121
3.41938, 1.16334
3.42441, 1.19988
3.42945, 1.22037
3.43445, 1.56070
3.43948, 1.72157
3.44451, 1.18928
3.44951, 0.85404
3.45451, 1.23931
3.45954, 0.77967
3.46460, 1.54600
3.46961, 2.24692
3.47466, 1.34775
3.47968, 0.90237
3.48469, 0.70315
3.48969, 1.29417
3.49471, 2.12703
3.49972, 3.11086
3.50472, 2.97766
3.50976, 1.85862
3.51479, 1.47795
3.51982, 1.48203
3.52485, 1.67002
3.52989, 0.74014
3.53497, 0.53153
3.53998, 1.06601
3.54501, 0.79046
3.55002, 1.26226
3.55503, 1.65922
3.56003, 1.52955
3.56503, 2.03618
3.57006, 2.66861
3.57513, 2.62886
3.58014, 2.09173
3.58518, 2.13153
3.59018, 2.13173
3.59519, 2.15172
3.60019, 2.18410
3.60520, 1.63453
3.61020, 1.55265
3.61521, 2.09175
3.62021, 1.93896
3.62523, 1.33757
3.63029, 1.70613
3.63535, 2.25775
3.64036, 2.88966
3.64541, 2.52741
3.65042, 1.95478
3.65543, 2.04060
3.66044, 1.72231
3.66544, 2.38928
3.67044, 3.23906
3.67545, 2.60579
3.68045, 2.31662
3.68545, 2.30088
3.69047, 1.83957
3.69554, 1.14935
3.70057, 2.12622
3.70561, 2.56580
3.71063, 2.52096
3.71564, 2.37337
3.72065, 2.48772
3.72566, 2.00098
3.73067, 2.42788
3.73570, 3.34301
3.74073, 3.55468
3.74573, 2.33082
3.75074, 1.67935
3.75581, 1.74591
3.76087, 2.51825
3.76591, 2.55407
3.77095, 2.86106
3.77598, 2.08317
3.78101, 1.99245
3.78603, 2.19376
3.79103, 2.38692
3.79603, 2.25075
3.80104, 3.37189
3.80604, 3.32770
3.81104, 2.63430
3.81609, 2.50137
3.82118, 2.48410
3.82620, 2.80107
3.83122, 4.21332
3.83624, 3.50140
3.84126, 2.09577
3.84627, 2.22906
3.85133, 2.31873
3.85640, 2.67683
3.86141, 3.19019
3.86643, 3.27176
3.87143, 2.47722
3.87643, 3.27425
3.88143, 3.31455
3.88643, 3.51972
3.89143, 4.03035
3.89646, 3.37262
3.90152, 2.21536
3.90655, 2.52414
3.91171, 2.49597
3.91676, 1.51880
3.92176, 1.34666
3.92677, 1.75505
3.93180, 1.32743
3.93684, 1.39521
3.94184, 1.66506
3.94685, 1.76630
3.95186, 1.15410
3.95687, 1.35754
3.96188, 1.54079
3.96692, 0.71335
3.97197, 0.54035
3.97699, 1.44593
3.98199, 1.19720
3.98701, 1.44548
3.99204, 2.74855
3.99704, 2.22147
4.00204, 1.45572
4.00705, 2.35069
4.01208, 1.73852
4.01713, 0.68931
4.02218, 1.25918
4.02721, 1.36693
4.03222, 1.09295
4.03724, 1.39988
4.04226, 1.28226
4.04728, 0.69953
4.05228, 0.80690
4.05729, 1.05225
4.06230, 0.47638
4.06732, 0.58595
4.07232, 0.99023
4.07733, 0.32866
4.08238, -0.40968
4.08739, -0.29123
4.09240, -0.53739
4.09741, -0.25293
4.10243, 0.16266
4.10744, 0.27835
4.11247, 0.07041
4.11748, 0.72311
4.12248, 1.08269
4.12749, 0.39512
4.13252, 0.05981
4.13753, 0.42682
4.14255, 0.24941
4.14761, 0.02570
4.15273, 1.27455
4.15774, -0.48410
4.16275, -1.38670
4.16779, -0.16646
4.17280, 0.30784
4.17780, 0.49042
4.18280, 1.36213
4.18781, 0.54905
4.19282, -0.50773
4.19786, -0.17012
4.20296, -0.20903
4.20800, 0.15580
4.21300, 0.20819
4.21803, 0.26324
4.22315, -0.02387
4.22821, -0.06776
4.23321, -0.12675
4.23826, 0.50671
4.24331, 1.00823
4.24838, 0.79110
4.25341, 0.34709
4.25854, -0.10405
4.26359, -0.12709
4.26859, -0.31559
4.27361, -0.39265
4.27861, 0.64198
4.28362, 0.14886
4.28863, -0.74852
4.29364, 0.65015
4.29868, -0.00758
4.30381, -0.64702
4.30886, 0.03869
4.31386, 0.31604
4.31891, 0.30001
4.32399, 1.13774
4.32900, 1.03184
4.33401, 0.01782
4.33907, -0.46239
4.34408, -0.45175
4.34908, 0.09279
4.35408, 0.66546
4.35909, 0.56484
4.36409, 0.78829
4.36911, 1.18709
4.37412, 1.30593
4.37913, 1.20998
4.38414, 0.24535
4.38919, 0.32390
4.39421, 1.14740
4.39927, 0.61511
4.40428, 0.83183
4.40931, 0.70157
4.41439, -0.51162
4.41942, 0.42188
4.42444, 0.83048
4.42948, -0.32067
4.43449, 0.06049
4.43955, 0.32829
4.44456, -0.49460
4.44959, 0.02992
4.45460, 0.79415
4.45960, 0.51615
4.46460, 0.48415
4.46960, 0.91387
4.47470, 0.48672
4.47979, 0.76735
4.48480, 0.88180
4.48981, 0.53398
4.49481, 0.85201
4.49983, 0.84556
4.50487, 0.67724
4.50991, 0.57306
4.51493, 0.36328
4.51994, 0.39778
4.52494, 0.33940
4.52994, 0.89630
4.53495, 0.56037
4.53998, 0.69121
4.54499, 0.98206
4.55001, 0.85230
4.55502, 0.59904
4.56002, 1.18503
4.56504, 1.31590
4.57004, 0.91964
4.57504, 0.79337
4.58004, 0.56002
4.58505, 0.39402
4.59005, 1.07348
4.59506, 0.82084
4.60006, 0.48445
4.60507, 1.40324
4.61008, 1.80139
4.61512, 0.32732
4.62024, 0.49533
4.62527, 1.37699
4.63027, 1.08551
4.63527, 0.86341
4.64027, 0.74752
4.64529, 0.76937
4.65030, 1.29903
4.65533, 1.57214
4.66033, 1.20506
4.66534, 0.26668
4.67036, 0.49802
4.67536, 1.71751
4.68038, 1.41589
4.68539, 1.21908
4.69040, 1.86725
4.69540, 2.12055
4.70041, 2.05843
4.70541, 1.75667
4.71041, 0.72015
4.71544, 1.34226
4.72047, 1.66735
4.72547, 0.43845
4.73049, 0.55018
4.73549, 0.42532
4.74051, 0.11092
4.74551, 1.01911
4.75056, 1.25065
4.75565, -0.20481
4.76069, 1.42123
4.76572, 1.72115
4.77072, 0.24467
4.77572, 0.71647
4.78074, 1.24304
4.78583, 0.30664
4.79093, 0.69539
4.79593, 0.21394
4.80094, 0.66834
4.80594, 1.26431
4.81095, -0.12220
4.81602, 0.19586
4.82105, 0.19813
4.82610, -0.65454
4.83111, 0.48733
4.83612, -0.11187
4.84120, -1.48734
4.84625, -0.00751
4.85126, -0.34780
4.85626, -1.65029
4.86126, -1.36042
4.86627, -2.19011
4.87127, -1.87054
4.87627, -0.83071
4.88128, -1.10709
4.88629, -0.83485
4.89131, -0.69590
4.89632, -0.51835
4.90132, 0.21135
4.90632, -0.95883
4.91133, -1.97145
4.91635, -0.95019
4.92142, -1.73989
4.92643, -1.64343
4.93144, -1.46778
4.93648, -2.41051
4.94149, -1.50698
4.94650, -0.65394
4.95150, -1.40603
4.95661, -1.41738
4.96165, -1.81720
4.96667, -1.57712
4.97175, -0.51040
4.97688, -1.06278
4.98188, -1.46205
4.98689, -0.52933
4.99190, -0.86889
4.99696, -1.22436
5.00199, -1.40808
5.00701, -2.24716
5.01208, -1.65703
5.01709, -1.25358
5.02209, -1.35422
5.02710, -1.35617
5.03214, -1.64206
5.03714, -1.39117
5.04214, -0.92493
5.04715, -1.63065
5.05215, -1.09952
5.05715, -0.77347
5.06219, -1.75344
5.06734, -1.00634
5.07238, -0.65564
5.07739, -1.49879
5.08241, -0.91052
5.08744, -1.02438
5.09244, -1.81649
5.09747, -1.39690
5.10248, -1.88982
5.10752, -2.09894
5.11252, -1.73744
5.11754, -1.36452
5.12260, -0.36394
5.12761, -1.00996
5.13261, -1.82167
5.13762, -0.64558
5.14263, -1.08063
5.14765, -2.12513
5.15269, -1.74218
5.15769, -2.08866
5.16269, -2.30583
5.16770, -0.45840
5.17270, -0.70748
5.17771, -2.00403
5.18272, -1.43846
5.18778, -1.40885
5.19279, -1.13404
5.19779, -1.50090
5.20279, -2.32400
5.20779, -1.63447
5.21280, -1.50288
5.21781, -1.28383
5.22282, -0.34601
5.22782, -1.07198
5.23284, -0.90100
5.23786, -0.68998
5.24289, -1.28751
5.24797, -0.94671
5.25297, -1.06781
5.25798, -1.31272
5.26299, -1.57410
5.26801, -1.91446
5.27302, -1.00730
5.27802, -0.93899
5.28302, -1.63151
5.28802, -0.96757
5.29305, -1.54443
5.29805, -1.92738
5.30308, -0.76658
5.30812, -1.33951
5.31317, -2.00865
5.31819, -1.39125
5.32319, -1.89178
5.32820, -1.60498
5.33321, -1.59522
5.33821, -2.08906
5.34322, -1.44760
5.34823, -1.32119
5.35324, -1.18765
5.35825, -0.71658
5.36325, -1.51015
5.36825, -1.27867
5.37325, -0.48361
5.37826, -1.55208
5.38326, -1.25936
5.38827, -1.09402
5.39331, -1.68641
5.39836, -1.10592
5.40338, -1.16977
5.40838, -1.74619
5.41338, -0.88125
5.41838, -0.81319
5.42339, -0.61224
5.42840, -0.72557
5.43340, -1.87955
5.43840, -1.70339
5.44341, -1.71271
5.44841, -2.09345
5.45342, -1.54654
5.45842, -1.43371
5.46342, -1.48561
5.46842, -0.67780
5.47342, -1.26393
5.47843, -1.47052
5.48343, -0.45661
5.48843, -1.13623
5.49344, -1.01634
5.49844, -0.42834
5.50345, -1.47736
5.50849, -0.78811
5.51355, -0.42952
5.51858, -1.47449
5.52358, -0.92545
5.52862, -0.65539
5.53369, -0.61397
5.53871, -0.80427
5.54372, -1.57174
5.54873, -0.86752
5.55374, -0.62431
5.55876, -1.19258
5.56378, -0.34733
5.56879, -0.52075
5.57382, -0.79731
5.57890, 0.21705
5.58392, -0.81982
5.58892, -1.15143
5.59392, -1.33764
5.59893, -2.50389
5.60397, -2.33512
5.60901, -1.72195
5.61405, -1.43256
5.61907, -0.34197
5.62410, -0.27869
5.62913, -0.60662
5.63413, 0.39539
5.63913, 0.17629
5.64414, 0.27053
5.64914, -0.14659
5.65415, -1.31561
5.65919, 0.10454
5.66420, 0.10876
5.66920, -1.08914
5.67420, -0.49659
5.67921, -0.98133
5.68421, -1.27949
5.68922, -0.54432
5.69425, -0.71126
5.69926, -1.64113
5.70427, -1.47055
5.70932, -1.19461
5.71436, -0.87083
5.71936, -0.99953
5.72445, -0.31563
5.72948, 0.09365
5.73449, -1.51320
5.73950, -0.75395
5.74451, -0.17887
5.74955, -1.17874
5.75455, -0.10511
5.75956, -0.18413
5.76460, -1.43792
5.76960, -0.72622
5.77460, -0.80172
5.77960, -1.43255
5.78461, -1.08030
5.78961, -0.91607
5.79461, 0.00833
5.79962, 0.10129
5.80464, -0.38797
5.80965, 0.50908
5.81465, -0.53370
5.81967, -1.50775
5.82467, -0.70456
5.82967, -0.75824
5.83467, -0.33708
5.83968, 0.21270
5.84470, -1.01290
5.84972, -1.36191
5.85474, -1.49844
5.85975, -0.84509
5.86475, -1.01219
5.86975, -1.21040
5.87480, -0.77411
5.87981, -1.17662
5.88481, -1.21280
5.88981, -0.05426
5.89483, -0.64344
5.89985, -0.37000
5.90487, -0.04661
5.90988, -1.16623
5.91490, -1.12254
5.91991, -0.13123
5.92491, -0.97066
5.92991, -1.47628
5.93492, -0.50570
5.93993, -0.43412
5.94494, -0.28191
5.94995, -0.03092
5.95496, -0.58035
5.96000, -0.68095
5.96501, -0.12029
5.97002, 0.08591
5.97513, -0.57366
5.98017, -0.85350
5.98519, -0.35271
5.99021, 0.08627
5.99521, -0.32877
6.00026, -0.94016
6.00527, -1.33377
6.01027, -1.14241
6.01527, -1.16812
6.02033, -0.60634
6.02535, -0.01790
6.03035, -0.57152
6.03538, 0.36035
6.04041, -0.19891
6.04542, -0.85214
6.05043, 0.16899
6.05544, 0.07956
6.06044, 0.16613
6.06548, -0.00531
6.07049, -0.85901
6.07550, -1.15805
6.08054, -0.74405
6.08555, -1.24345
6.09058, -0.84564
6.09558, -0.63523
6.10059, -0.75237
6.10559, -0.43273
6.11059, -0.95900
6.11559, -0.82166
6.12059, -0.28694
6.12566, -0.55777
6.13071, -0.76768
6.13571, -0.43765
6.14071, -0.62500
6.14572, -0.86246
6.15073, -0.37944
6.15573, -0.43908
6.16079, -1.05837
6.16582, 0.27399
6.17083, -0.02500
6.17585, -1.67919
6.18087, -0.64842
6.18587, -0.35656
6.19088, -0.49396
6.19592, 0.64225
6.20097, 0.09366
6.20598, -0.62004
6.21098, 0.19490
6.21598, -0.16428
6.22099, -0.82303
6.22600, -0.64081
6.23101, -0.75935
6.23603, -0.73537
6.24108, -0.89873
6.24608, -0.79129
6.25109, 0.12807
6.25609, -0.43922
6.26110, 0.03049
6.26611, 1.10333
6.27111, -0.41743
6.27612, 0.34797
6.28114, 1.16995
6.28616, -0.81806
6.29116, -0.27547
6.29617, -0.27014
6.30117, -1.66819
6.30618, -1.04364
6.31118, -0.44520
6.31618, 0.07000
6.32118, -0.14904
6.32619, -0.58394
6.33120, 0.09029
6.33623, -0.86557
6.34123, -0.43241
6.34624, 0.73236
6.35129, -0.84080
6.35635, -0.19287
6.36136, 0.29807
6.36638, -1.33370
6.37139, 0.08215
6.37639, 0.34964
6.38145, -0.32196
6.38646, 0.66965
6.39146, -0.33197
6.39647, -0.32679
6.40149, 0.28894
6.40651, -0.85196
6.41151, 0.35374
6.41652, 0.69685
6.42155, -0.90899
6.42655, -0.19634
6.43156, -0.29828
6.43658, -0.47448
6.44161, 1.11016
6.44661, -0.39773
6.45165, -1.00914
6.45676, 0.44527
6.46179, -0.48052
6.46679, -0.22234
6.47179, 0.34709
6.47679, -0.55959
6.48181, -0.42983
6.48681, -0.70365
6.49182, -0.74621
6.49682, -0.04543
6.50183, -0.09185
6.50684, 0.14032
6.51189, -0.59871
6.51691, -0.54514
6.52191, -0.60856
6.52691, -1.02198
6.53194, -0.70359
6.53696, -1.06554
6.54197, -1.13680
6.54698, 0.06424
6.55201, 0.06767
6.55701, -0.59761
6.56202, 0.14454
6.56704, -0.38122
6.57205, 0.35059
6.57705, 1.43761
6.58207, 0.40558
6.58710, 0.43471
6.59210, 0.88025
6.59710, -0.19316
6.60210, 0.03412
6.60713, -0.40952
6.61220, -0.69792
6.61722, -0.54816
6.62222, -0.96523
6.62722, -1.12589
6.63224, -0.75847
6.63724, -0.12284
6.64224, 0.14007
6.64725, 0.31355
6.65225, 0.69375
6.65726, 0.20442
6.66226, 0.71385
6.66726, 0.90137
6.67229, 0.15279
6.67734, 0.75673
6.68235, 0.39532
6.68735, -0.73334
6.69236, 0.61471
6.69737, 0.41956
6.70237, -0.50921
6.70737, 0.86062
6.71238, -0.27966
6.71738, -0.89224
6.72239, -0.11141
6.72740, -1.15703
6.73241, -1.25715
6.73742, 0.42181
6.74245, -0.06647
6.74748, -0.11006
6.75249, 0.76518
6.75753, 0.04013
6.76254, -0.14911
6.76754, 0.21822
6.77256, -0.06058
6.77757, -0.45553
6.78261, -0.55574
6.78767, 0.42851
6.79271, -0.30786
6.79777, -0.14651
6.80278, 0.58171
6.80786, 0.21057
6.81288, 0.17746
6.81789, 0.67991
6.82290, 0.38786
6.82790, 0.06125
6.83291, 0.43048
6.83791, 0.25957
6.84291, 0.11661
6.84791, 0.43340
6.85291, 0.80560
6.85791, -0.17240
6.86293, -0.54564
6.86793, 0.00887
6.87293, 0.29539
6.87794, 0.15321
6.88294, 0.76306
6.88795, 0.56370
6.89296, -0.08267
6.89796, 1.13606
6.90298, 0.85912
6.90798, -0.03312
6.91299, 1.16646
6.91799, 1.57603
6.92299, -0.21881
6.92799, 0.52258
6.93302, 1.06062
6.93802, -0.63059
6.94304, 0.02217
6.94805, 0.51847
6.95305, -0.38536
6.95806, 0.18818
6.96306, 1.33038
6.96807, 0.24564
6.97307, -0.40906
6.97808, 1.06168
6.98308, 0.18834
6.98809, -0.73419
6.99310, 0.76122
6.99810, 0.26891
7.00311, -0.64587
7.00814, 0.80949
7.01315, -0.07307
7.01816, -0.59889
7.02317, 0.66060
7.02817, 0.83833
7.03319, 0.15381
7.03821, 0.53516
7.04321, 1.27627
7.04821, 0.54041
7.05322, -0.22976
7.05823, 0.50216
7.06324, -0.04228
7.06824, -0.24126
7.07325, 1.26012
7.07829, 0.21739
7.08329, -0.40206
7.08830, 0.98061
7.09331, 0.85229
7.09831, -0.07843
7.10332, 0.26272
7.10833, 0.59885
7.11337, 0.02051
7.11839, 0.45681
7.12339, 0.75701
7.12840, -0.09840
7.13340, 0.17889
7.13842, 0.91446
7.14343, -0.20283
7.14844, -0.10934
7.15346, 0.66401
7.15849, 0.11418
7.16352, 0.08880
7.16853, 1.80148
7.17355, -0.01305
7.17857, 0.29292
7.18358, 1.68200
7.18859, -0.54763
7.19359, -0.14598
7.19864, 1.37093
7.20366, 0.60940
7.20867, 0.52923
7.21371, 0.70567
7.21772, 0.11094
7.21272, -0.19538
7.20773, 0.68091
7.20274, 1.07034
7.19780, 0.00883
7.19284, 0.51020
7.18785, 0.63219
7.18285, -0.25054
7.17786, 0.54702
7.17287, 0.60477
7.16788, 0.00493
7.16289, 0.57096
7.15791, 0.38265
7.15296, 1.18266
7.14796, 1.22839
7.14297, 1.11234
7.13797, 1.04976
7.13300, 0.36954
7.12801, 0.82342
7.12307, 0.49065
7.11811, -0.21451
7.11312, 0.45078
7.10812, 0.80305
7.10312, -0.42710
7.09813, 0.08349
7.09314, 0.60504
7.08814, -0.49449
7.08315, 0.16946
7.07816, 1.03387
7.07317, -0.68400
7.06818, -0.66639
7.06323, 0.66352
7.05826, -0.26633
7.05326, -0.11922
7.04826, 1.41622
7.04327, 0.54694
7.03827, 0.29107
7.03328, 1.67782
7.02828, 0.02549
7.02329, 0.19654
7.01830, 1.60533
7.01335, 0.48627
7.00836, 0.15899
7.00340, 0.29200
6.99845, -0.25289
6.99345, -0.46269
6.98846, 0.04548
6.98347, -0.26397
6.97847, -0.62218
6.97348, 0.37779
6.96853, 0.71033
6.96355, 0.37872
6.95855, 0.80934
6.95356, 0.76717
6.94856, 0.16689
6.94357, -0.08798
6.93857, -0.35896
6.93357, -0.11786
6.92858, 0.36709
6.92360, 0.09237
6.91862, -0.29793
6.91363, 0.04553
6.90863, 0.41221
6.90363, 0.69288
6.89863, 0.33843
6.89364, -0.10526
6.88865, 0.52259
6.88366, 0.29735
6.87866, -0.72027
6.87367, 0.30942
6.86867, 0.15332
6.86367, -0.11401
6.85868, 0.78231
6.85370, 0.39570
6.84871, -0.06334
6.84371, 0.51336
6.83871, 0.67068
6.83373, 0.18878
6.82873, -0.06328
6.82374, 0.05556
6.81877, -0.15670
6.81377, -0.70638
6.80878, -0.57089
6.80378, 0.01856
6.79879, 0.19338
6.79379, 0.29605
6.78879, 0.09743
6.78381, -0.65546
6.77881, -0.04311
6.77382, 0.76778
6.76883, -0.45695
6.76383, -0.47919
6.75884, 0.36084
6.75385, -0.24260
6.74886, -0.27327
6.74386, 0.28506
6.73888, -0.16724
6.73391, 0.79694
6.72896, 1.19699
6.72398, -0.25668
6.71903, 0.41476
6.71404, 1.26026
6.70905, 0.91742
6.70407, 0.83514
6.69908, 0.06755
6.69408, -0.09176
6.68908, 0.21980
6.68408, -0.18371
6.67908, -0.57093
6.67410, -0.59760
6.66914, -0.17415
6.66414, 0.10423
6.65915, -0.64161
6.65415, -0.66098
6.64915, -0.20229
6.64417, -0.30623
6.63917, 0.00364
6.63418, 0.32909
6.62918, -0.32621
6.62419, -0.08565
6.61920, 0.33479
6.61420, 0.05363
6.60921, 0.02689
6.60423, 0.55783
6.59924, 0.80165
6.59424, 0.55164
6.58924, 0.42665
6.58425, 0.23758
6.57925, 0.07608
6.57425, 0.60060
6.56926, 0.21008
6.56427, -0.35674
6.55928, 0.07072
6.55428, -0.63438
6.54929, -0.32728
6.54429, 0.63342
6.53929, 0.40252
6.53431, 0.42280
6.52934, 0.27928
6.52435, -0.24653
6.51936, -0.47195
6.51437, -0.12901
6.50941, 0.24138
6.50442, -0.26244
6.49943, -0.26178
6.49443, -0.14627
6.48945, -0.19823
6.48446, -0.47598
6.47947, -0.33829
6.47452, -0.34836
6.46952, -0.74431
6.46453, -0.15672
6.45953, -0.35040
6.45456, -0.70881
6.44958, -0.71361
6.44462, -0.89510
6.43965, -0.97941
6.43467, -1.07188
6.42967, 0.16656
6.42474, 0.30741
6.41978, 0.03219
6.41479, 0.45540
6.40979, -0.36648
6.40480, -0.70235
6.39980, 0.19620
6.39480, 0.03637
6.38981, -0.40714
6.38482, -0.11959
6.37987, -0.36842
6.37490, -0.88043
6.36992, -0.60664
6.36492, 0.09063
6.35993, 0.09809
6.35493, -0.23114
6.34994, -0.39661
6.34499, 0.26357
6.34001, 0.10164
6.33501, -0.42167
6.33002, -0.13581
6.32502, -0.40398
6.32003, -0.75025
6.31504, -1.02354
6.31004, -1.35757
6.30504, -1.09276
6.30005, -0.16424
6.29505, -0.15511
6.29006, -0.83800
6.28508, 0.10579
6.28009, 0.20653
6.27509, -0.26885
6.27009, -0.39595
6.26509, -0.74645
6.26009, -0.78983
6.25509, -0.47943
6.25009, -0.68113
6.24511, -0.20154
6.24011, 0.41647
6.23513, 0.11254
6.23013, 0.14294
6.22513, -0.38663
6.22014, -0.96757
6.21518, -0.44896
6.21018, -0.92764
6.20518, -1.34507
6.20019, -0.95147
6.19522, -0.79002
6.19023, -0.55017
6.18526, -0.44095
6.18027, -0.85476
6.17528, -0.55697
6.17028, -0.64850
6.16529, -0.41536
6.16029, -0.41063
6.15529, -0.37671
6.15031, -0.38437
6.14533, -0.77328
6.14033, -0.91582
6.13533, -0.93188
6.13034, -0.66587
6.12536, -0.38531
6.12043, -0.35695
6.11545, -0.85983
6.11046, -0.77505
6.10548, -0.45072
6.10048, -0.63240
6.09549, -0.55917
6.09051, -0.38740
6.08551, -0.40363
6.08053, -0.65768
6.07557, -0.35337
6.07057, -0.06500
6.06560, 0.07504
6.06061, -0.08492
6.05562, -0.02842
6.05062, -0.31161
6.04562, -0.18956
6.04063, 0.23125
6.03565, 0.00127
6.03072, 0.14609
6.02572, -0.15069
6.02073, -0.30669
6.01574, -0.53277
6.01075, -1.00188
6.00575, -0.71615
6.00077, -0.52708
5.99579, -0.83244
5.99081, -1.06459
5.98584, -0.55604
5.98087, -0.23213
5.97588, -0.17261
5.97088, -0.20312
5.96589, -0.13205
5.96089, -0.33560
5.95590, -0.17105
5.95090, 0.20779
5.94592, -0.93530
5.94093, -0.61268
5.93594, 0.23208
5.93094, -0.76030
5.92594, -0.86985
5.92096, -0.85568
5.91599, -1.29347
5.91099, -0.91378
5.90599, -0.66928
5.90101, -1.20989
5.89602, -1.24376
5.89102, -1.16728
5.88603, -0.70493
5.88105, -0.18200
5.87608, -0.25690
5.87116, -0.01661
5.86617, -0.59160
5.86120, -1.27939
5.85621, -0.33288
5.85121, -0.93191
5.84621, -0.90485
5.84124, -0.05328
5.83627, -1.65931
5.83127, -1.87493
5.82628, -1.18475
5.82130, -1.20099
5.81630, -0.61456
5.81130, 0.48056
5.80636, 0.38071
5.80138, -0.19504
5.79639, -0.93359
5.79140, -0.92700
5.78640, -0.86529
5.78141, -1.22587
5.77641, -0.00523
5.77142, -0.52264
5.76642, -1.07656
5.76146, -0.43157
5.75649, -0.01394
5.75149, -0.65825
5.74649, -1.16117
5.74149, -1.18963
5.73650, -0.54504
5.73151, -0.50049
5.72651, -0.59884
5.72151, -1.45261
5.71652, -2.10748
5.71152, -0.74922
5.70652, -0.35592
5.70153, -1.14617
5.69653, -0.63758
5.69154, -0.57071
5.68655, -1.08561
5.68155, -0.64292
5.67657, -0.94426
5.67158, -1.86102
5.66663, -0.64629
5.66164, -0.51079
5.65665, -1.38890
5.65165, -1.50339
5.64667, -2.04859
5.64168, -1.54189
5.63672, -1.17040
5.63173, -1.17200
5.62674, 0.09340
5.62176, -0.06918
5.61676, -0.05197
5.61178, 0.23963
5.60678, -1.57056
5.60180, -1.41645
5.59680, -0.40575
5.59180, -1.26147
5.58680, -1.38470
5.58181, -1.18471
5.57681, -2.43847
5.57181, -1.92491
5.56682, -0.74636
5.56182, -0.19155
5.55683, -1.05810
5.55184, -1.78019
5.54684, -0.81015
5.54185, -0.97880
5.53685, -1.78915
5.53186, -0.69014
5.52689, -1.75342
5.52189, -2.63418
5.51689, -0.78664
5.51191, -0.20060
5.50693, -0.91698
5.50194, -0.19077
5.49694, -0.90920
5.49197, -1.11007
5.48698, -0.79753
5.48199, -1.19614
5.47700, -1.62080
5.47202, -2.42299
5.46704, -2.08975
5.46204, -0.52703
5.45704, -1.61135
5.45204, -1.76906
5.44707, -0.72320
5.44211, -0.44829
5.43713, -0.12955
5.43216, -0.33750
5.42718, -1.31016
5.42218, -1.84172
5.41719, -1.25955
5.41219, -0.99717
5.40720, -1.71138
5.40222, -1.66969
5.39725, -0.64034
5.39226, -0.65844
5.38726, -1.45739
5.38227, -1.74912
5.37728, -2.35034
5.37233, -1.76535
5.36734, -0.60340
5.36235, -1.01896
5.35735, -1.85331
5.35235, -1.37885
5.34735, -0.38931
5.34237, -1.01357
5.33737, -1.08648
5.33239, -0.77815
5.32740, -0.67746
5.32241, -0.80461
5.31742, -0.90060
5.31242, -1.53090
5.30742, -1.72327
5.30243, -1.50851
5.29744, -0.92201
5.29245, -1.56608
5.28745, -1.57309
5.28245, -1.37334
5.27746, -1.82820
5.27246, -1.80635
5.26746, -1.42649
5.26246, -1.36211
5.25746, -1.29143
5.25246, -1.34376
5.24746, -1.79317
5.24247, -1.51324
5.23749, -0.54201
5.23250, -0.83043
5.22750, -1.91413
5.22250, -1.50098
5.21750, -0.77119
5.21252, -1.08997
5.20757, -1.25074
5.20258, -1.79929
5.19765, -2.44971
5.19267, -1.31468
5.18767, -0.46360
5.18267, -2.02960
5.17767, -1.94011
5.17268, -1.06650
5.16770, -0.21040
5.16270, -0.64960
5.15771, -1.45271
5.15272, -1.85133
5.14775, -1.34650
5.14277, -0.83340
5.13777, 0.11289
5.13279, -0.57911
5.12782, -1.68322
5.12282, -0.95735
5.11783, -0.51988
5.11283, -0.92242
5.10783, -1.32030
5.10286, -2.12514
5.09788, -1.81634
5.09292, -0.83924
5.08794, -1.35456
5.08295, -1.25424
5.07795, -0.46519
5.07295, -1.34903
5.06796, -0.65284
5.06299, -0.08041
5.05800, -1.24512
5.05300, -1.02019
5.04803, -0.85646
5.04303, -1.26691
5.03810, -1.05004
5.03313, -0.87146
5.02813, -0.90000
5.02313, -1.10120
5.01813, -1.11649
5.01313, -0.56435
5.00813, -1.48160
5.00313, -2.03265
4.99814, -0.73902
4.99314, -0.49264
4.98816, -0.89704
4.98319, -0.75124
4.97820, -1.19998
4.97321, -1.33628
4.96824, -0.26775
4.96325, 0.19599
4.95826, -1.22018
4.95329, -2.29870
4.94834, -1.47300
4.94335, -1.46718
4.93836, -2.30383
4.93336, -1.88573
4.92836, -0.89390
4.92336, -1.34766
4.91837, -0.71555
4.91339, -0.17700
4.90841, -1.32352
4.90341, -1.31428
4.89844, 0.02921
4.89348, -0.37632
4.88848, -1.29801
4.88349, -0.49609
4.87850, -0.25583
4.87350, -1.17636
4.86853, -1.23902
4.86355, -1.03392
4.85855, -1.62011
4.85356, -1.61160
4.84858, -0.58688
4.84375, -1.51637
4.83882, -1.97584
4.83383, -0.68929
4.82883, 0.05503
4.82385, -0.86248
4.81885, 0.15370
4.81385, 0.02987
4.80885, -2.07622
4.80386, -1.90046
4.79887, -0.97336
4.79389, -2.04771
4.78889, -1.91784
4.78389, -0.56894
4.77891, -1.32411
4.77392, -2.13948
4.76897, -2.23427
4.76399, -1.07117
4.75902, -1.03482
4.75404, -1.82155
4.74905, -0.94225
4.74409, -0.87520
4.73912, -1.46283
4.73414, -0.61211
4.72925, -0.56355
4.72427, -1.71364
4.71928, -1.31898
4.71438, -0.92841
4.70948, -0.62732
4.70455, -0.75116
4.69963, -0.78706
4.69464, -1.47759
4.68965, -1.21568
4.68470, -1.30503
4.67975, -0.61923
4.67477, -0.80627
4.66977, -1.23268
4.66479, -0.95955
4.65985, -1.43711
4.65491, -1.30019
4.64991, 0.22585
4.64491, -0.15179
4.63992, -2.24242
4.63497, -1.30529
4.63003, -1.30698
4.62507, -1.92359
4.62007, -0.46715
4.61509, -1.11981
4.61014, -2.50072
4.60515, -1.34249
4.60017, -0.25256
4.59520, -0.89923
4.59021, -1.42495
4.58521, -1.93805
4.58021, -1.62696
4.57521, -1.85318
4.57025, -2.38134
4.56529, -2.10548
4.56029, -1.85427
4.55529, -1.08020
4.55030, -0.97728
4.54533, -1.36762
4.54034, -1.12251
4.53542, -0.80109
4.53042, -1.98409
4.52544, -1.79450
4.52058, -1.40755
4.51567, -1.75964
4.51069, -0.88132
4.50582, -0.10601
4.50087, -0.88584
4.49589, -0.73784
4.49090, -0.53142
4.48592, -0.68332
4.48094, -1.03090
4.47603, -0.10632
4.47108, -0.47579
4.46612, -0.87613
4.46118, -0.68437
4.45620, 0.17302
4.45121, 0.81959
4.44623, 1.14618
4.44124, 1.68525
4.43624, 1.58973
4.43128, 1.07263
4.42628, 0.14145
4.42129, 0.92810
4.41631, 0.17120
4.41132, 0.13243
4.40633, 0.47855
4.40134, -0.87351
4.39635, -0.68088
4.39136, 0.73366
4.38637, 0.44250
4.38138, 1.35696
4.37638, 1.78041
4.37138, 0.18004
4.36638, 0.94001
4.36140, 1.30158
4.35646, 0.24370
4.35147, -0.08680
4.34650, -0.05095
4.34151, -1.08383
4.33652, -0.54245
4.33155, 0.12961
4.32655, -0.45095
4.32156, 0.27386
4.31657, 0.59818
4.31159, 0.26610
4.30660, 0.15888
4.30161, -0.36680
4.29669, -0.68080
4.29174, -0.38975
4.28675, -0.23197
4.28175, 0.71636
4.27676, 0.63638
4.27176, 0.02591
4.26676, 0.12194
4.26178, 0.05482
4.25679, -0.51626
4.25182, 0.65668
4.24682, 0.67403
4.24182, 0.32807
4.23682, 0.88572
4.23183, 0.54997
4.22684, -0.93875
4.22187, -0.63173
4.21689, -0.16353
4.21192, 0.04795
4.20692, 0.92730
4.20193, 0.85209
4.19695, 0.68926
4.19197, 0.31627
4.18698, -0.30313
4.18201, 0.29622
4.17703, 0.57220
4.17205, 0.49402
4.16708, 1.63026
4.16213, 0.26811
4.15718, -0.72058
4.15218, 0.17752
4.14719, -0.29995
4.14222, 1.16643
4.13722, 1.64414
4.13222, -0.06062
4.12722, 0.01376
4.12222, 0.41437
4.11726, -0.49965
4.11227, 0.10207
4.10728, 0.58705
4.10228, -1.13079
4.09730, -0.65785
4.09238, -0.45542
4.08743, -1.82440
4.08244, -0.34179
4.07746, 1.12783
4.07250, 0.35439
4.06750, 0.10042
4.06251, -0.56486
4.05751, -1.06362
4.05251, 0.79968
4.04755, 1.25973
4.04258, 0.94175
4.03759, 0.40687
4.03262, 0.09402
4.02767, 0.89256
4.02269, 0.53739
4.01774, 0.36694
4.01275, 1.24005
4.00775, 0.74006
4.00276, -0.15652
3.99777, 0.72572
3.99279, 0.49366
3.98780, 0.55233
3.98281, 1.36351
3.97786, 0.80622
3.97288, 0.54157
3.96789, 0.97473
3.96297, 0.37370
3.95802, 1.27258
3.95302, 1.76975
3.94805, 0.92831
3.94314, 1.80231
3.93823, 1.33098
3.93323, 0.31563
3.92825, 1.56929
3.92331, 1.66792
3.91832, 0.00733
3.91334, 1.50957
3.90835, 0.51985
3.90338, -0.38038
3.89844, 0.54264
3.89347, 1.18634
3.88851, 0.36930
3.88364, 0.73560
3.87870, 0.76855
3.87372, 0.41292
3.86872, 0.51155
3.86373, 0.74165
3.85876, 0.93111
3.85378, 0.57691
3.84879, 0.65570
3.84389, 1.78625
3.83892, 1.69158
3.83393, 1.51097
3.82894, 2.16473
3.82396, 2.30501
3.81896, 1.39039
3.81396, 1.45202
3.80900, 1.47820
3.80408, 3.06767
3.79913, 2.96822
3.79425, 2.78125
3.78928, 2.31466
3.78431, 2.15224
3.77933, 1.54631
3.77435, 2.59373
3.76935, 2.97425
3.76435, 2.29385
3.75936, 2.13146
3.75441, 2.55477
3.74942, 2.32711
3.74442, 2.90885
3.73947, 3.75568
3.73451, 2.55406
3.72954, 1.74076
3.72454, 2.37387
3.71955, 2.80982
3.71455, 2.47541
3.70956, 3.20330
3.70457, 3.10978
3.69958, 1.77829
3.69463, 1.88527
3.68964, 2.20095
3.68464, 1.99373
3.67965, 1.33267
3.67466, 1.36648
3.66967, 2.16674
3.66467, 2.09502
3.65968, 2.46744
3.65469, 3.42532
3.64970, 2.82428
3.64470, 2.14226
3.63972, 2.25714
3.63474, 1.78612
3.62976, 1.76707
3.62479, 2.52324
3.61980, 1.92085
3.61482, 0.98190
3.60984, 1.41397
3.60486, 1.48409
3.59986, 2.37050
3.59488, 3.12250
3.58989, 2.79349
3.58490, 1.87234
3.57991, 1.46234
3.57492, 1.01452
3.56995, 0.02272
3.56496, 0.95691
3.55997, 1.61231
3.55497, 1.19224
3.54998, 1.35427
3.54499, 1.50073
3.53999, 1.16935
3.53499, 1.70801
3.53000, 2.66507
3.52505, 1.87808
3.52013, 1.43731
3.51516, 1.04988
3.51021, 1.23200
3.50527, 1.14854
3.50033, 1.96070
3.49536, 1.47528
3.49038, 1.19354
3.48538, 0.97647
3.48044, 1.12736
3.47548, 1.35734
3.47050, 0.61526
3.46551, 0.55245
3.46054, 0.79692
3.45554, 1.12944
3.45057, 1.51679
3.44558, 1.58062
3.44059, 0.90416
3.43559, 0.63668
3.43061, 1.11524
3.42564, 1.34650
3.42066, 1.09986
3.41566, 0.66743
3.41066, 0.31500
3.40567, 0.30185
3.40068, 0.67574
3.39569, 1.49124
3.39070, 2.29494
3.38571, 2.26154
3.38072, 1.31666
3.37573, 0.01477
3.37074, -0.39217
3.36575, 0.17541
3.36075, 0.90434
3.35575, 0.54736
3.35078, 0.18371
3.34579, 0.33052
3.34080, -0.00776
3.33584, 0.17890
3.33087, 0.21444
3.32588, 0.34416
3.32089, 0.65312
3.31595, 0.87416
3.31101, 0.66580
3.30602, 0.22419
3.30102, 0.26885
3.29602, 0.34708
3.29103, 0.26083
3.28604, 0.28257
3.28104, -0.01158
3.27607, -0.30252
3.27113, -0.64424
3.26615, -0.49721
3.26116, -0.14568
3.25622, 0.24391
3.25131, 0.85097
3.24632, 0.31164
3.24132, 0.02744
3.23637, -0.13684
3.23143, -0.34033
3.22644, -0.85615
3.22147, -1.12327
3.21651, -0.13897
3.21152, 0.31699
3.20659, 0.06277
3.20163, -0.42191
3.19675, -1.02866
3.19188, -0.19394
3.18689, 0.20526
3.18189, 0.27025
3.17690, -0.63051
3.17192, -1.01621
3.16692, -0.77085
3.16194, -0.99351
3.15703, -1.09688
3.15209, 0.28094
3.14712, 0.64759
3.14219, 0.05362
3.13721, -1.38384
3.13225, -1.53841
3.12725, -1.00033
3.12227, -0.81320
3.11732, -0.41614
3.11236, -0.44239
3.10737, -0.49642
3.10247, -0.55170
3.09751, -0.48037
3.09252, -0.50550
3.08752, -0.12497
3.08253, 0.30783
3.07753, -0.85940
3.07253, -2.23722
3.06753, -1.86297
3.06254, -1.33450
3.05759, -2.02714
3.05263, -2.12727
3.04764, -0.98726
3.04274, -0.88639
3.03785, -1.85643
